original_id,group_id
id4304415488,1
id2797118000,1
id4218070884,1
id6073495220,1
id8978019205,1
id5592693119,1
id9786589368,2
id2513263085,2
id6832667872,2
id9648235507,2
id1932076902,2
id2750556942,2
id2008604930,3
id9125334295,3
id9787035845,3
id9037018069,3
id1043458220,3
id2251781440,3
id5274695169,4
id8065413782,4
id9695842578,4
id6049934857,4
id8630422755,4
id7814244234,4
id4856545792,5
id8090331658,5
id6997116361,5
id4078885494,5
id0621812290,5
id8529907920,5
id2590303838,6
id8575081840,6
id7307600069,6
id1429213066,6
id2031656809,6
id8427985301,6
id8000303961,7
id4376122804,7
id9946228418,7
id8569432436,7
id5389652578,7
id4924987086,7
id8049424642,8
id2492494671,8
id6539765853,8
id6483361747,8
id1378942048,8
id7032473241,8
id9345550809,9
id4545480059,9
id6898157388,9
id3024405696,9
id0490954344,9
id5165044633,9
id7788776860,10
id1964046732,10
id2469329165,10
id2952409906,10
id7274115200,10
id5176082015,10
id3006752212,11
id9735854223,11
id3189680189,11
id8347379070,11
id3050986965,11
id3191928055,11
id7417793929,12
id0716456747,12
id3693493727,12
id8400731488,12
id9110668406,12
id9931666261,12
id5778447695,13
id4195062585,13
id7561074545,13
id5066795663,13
id3896510543,13
id7264288702,13
id4530504220,14
id6038205318,14
id4991702439,14
id9629566232,14
id5984316203,14
id4037409035,14
id4470094524,15
id5325728101,15
id9759786832,15
id7960848198,15
id5083650165,15
id8212965836,15
id6357977786,16
id9751930211,16
id7186090981,16
id8580559400,16
id0917125834,16
id6590176785,16
id0667027676,17
id3818713527,17
id3589264298,17
id8853704813,17
id0231279063,17
id8707411668,17
id4444353488,18
id6168711630,18
id4122899175,18
id7093259987,18
id3049279520,18
id0213421946,18
id0342479922,19
id5210755601,19
id1700636385,19
id5050531950,19
id3323199214,19
id4831876888,19
id1043845516,20
id8576803828,20
id6377395355,20
id5956253890,20
id9039366915,20
id5880816809,20
id6284922677,21
id4175427515,21
id0286755296,21
id6480263696,21
id4880834511,21
id6166119645,21
id8564313855,22
id6777722826,22
id0422455056,22
id4839658819,22
id2666251023,22
id9336534095,22
id0070519116,23
id6217048618,23
id4685998751,23
id0291918460,23
id1585597188,23
id3131732670,23
id8922996017,24
id5002344235,24
id3905703487,24
id2795062965,24
id6493833663,24
id0212851546,24
id1802329122,25
id4234146631,25
id9438896543,25
id2696284652,25
id0992120185,25
id8478375605,25
id7205088042,26
id4068865574,26
id4659543038,26
id7216099255,26
id6846897009,26
id6382933823,26
id2761748136,27
id4769842410,27
id1709681683,27
id2004370500,27
id3789070263,27
id0917763408,27
id4777096738,28
id0742617263,28
id2824169146,28
id9690229903,28
id1541318235,28
id6240119090,28
id3733533071,29
id0538480700,29
id8444965877,29
id8833346713,29
id0305381295,29
id3415841740,29
id4298017545,30
id7270036091,30
id3963254520,30
id7868107552,30
id4690168991,30
id6137566936,30
id8891565367,31
id6198518409,31
id6977516959,31
id3706397654,31
id5749029867,31
id6975846504,31
id7560754917,32
id5549147333,32
id5898382049,32
id2313723279,32
id6017300930,32
id6315003032,32
id1715088198,33
id7108863822,33
id3232619245,33
id4038076933,33
id0586441338,33
id1563389350,33
id6525659173,34
id1116126906,34
id4694754311,34
id4723936443,34
id4315112077,34
id9096949854,34
id0299372093,35
id4117383463,35
id1224114875,35
id3589726246,35
id0756008704,35
id1789129711,35
id8798044907,36
id7099537403,36
id7919376893,36
id4824838493,36
id3026313614,36
id6841826481,36
id5192456095,37
id8215310318,37
id7445800615,37
id8878124398,37
id0128149348,37
id6342703938,37
id3903508488,38
id5409558715,38
id6548129547,38
id6866409890,38
id7624340170,38
id9483283420,38
id6776984336,39
id2135824588,39
id8585229885,39
id3043028162,39
id8241234403,39
id1309298268,39
id2124107092,40
id8519849271,40
id3849160641,40
id2902097553,40
id1859079637,40
id6146564602,40
id9480681031,41
id3656324922,41
id9497578446,41
id2053486219,41
id2875610577,41
id3071861562,41
id1261420851,42
id3709550094,42
id0831976217,42
id8881140796,42
id1263842464,42
id1986408468,42
id4788453781,43
id2518794688,43
id4154130532,43
id9301514667,43
id9878271200,43
id7725263206,43
id6869603905,44
id3768130762,44
id9861996639,44
id9284072720,44
id7982212220,44
id1584672970,44
id0365678849,45
id4570222903,45
id7799216962,45
id3800737242,45
id0104768509,45
id1866290708,45
id6216260163,46
id1022699732,46
id9524218740,46
id7628420799,46
id6077214694,46
id2888273243,46
id2908198122,47
id9244984859,47
id7025709607,47
id7129852162,47
id8021454275,47
id5547315950,47
id3226260450,48
id4171971838,48
id9719831314,48
id1243789271,48
id2578022622,48
id7757739972,48
id0631571093,49
id3709077454,49
id8096961446,49
id0685247725,49
id8623457253,49
id2115902460,49
id1223535624,50
id4004847596,50
id1326639061,50
id3196878553,50
id1712747349,50
id1201658289,50
id2669045835,51
id8182704170,51
id4266507932,51
id3760445777,51
id2042362800,51
id5712297077,51
id4931533604,52
id4769616393,52
id3993299105,52
id0576384270,52
id3555456429,52
id0384884761,52
id0521937960,53
id1799361666,53
id8160849866,53
id6049361675,53
id9824192822,53
id5412039101,53
id1107286901,54
id0336638433,54
id2960368174,54
id1557069491,54
id6676697362,54
id8256578033,54
id1178467527,55
id3008438606,55
id7147326463,55
id9586049129,55
id9103467578,55
id1272916077,55
id3845519188,56
id0785668272,56
id5867724735,56
id9422920988,56
id5832401047,56
id4529211566,56
id9442061468,57
id4613797726,57
id2611922442,57
id7718650006,57
id2240228295,57
id4969653213,57
id5148712297,58
id0057320369,58
id7545317614,58
id1499079967,58
id1520550476,58
id1906311104,58
id2410934933,59
id2600206638,59
id4586175431,59
id8863997605,59
id6942255968,59
id4258289517,59
id5301730643,60
id6850012966,60
id1430598481,60
id0323082766,60
id6847723517,60
id9084784248,60
id7185296748,61
id0403662011,61
id0175131626,61
id8222098268,61
id5743656059,61
id2458082900,61
id5103606426,62
id5578886887,62
id8388911032,62
id7820566883,62
id4339409365,62
id2637906493,62
id4375984208,63
id9428907658,63
id0678832492,63
id6713588698,63
id9292755136,63
id3346508567,63
id3247010993,64
id7556385142,64
id4133555795,64
id9263981323,64
id7263118230,64
id5945994637,64
id7274606443,65
id5164018035,65
id6339195631,65
id4261352169,65
id7878381376,65
id1416584358,65
id2442632036,66
id8787672553,66
id9445765563,66
id8997240829,66
id1233886786,66
id9917373393,66
id8256968915,67
id5740859491,67
id2678105799,67
id8467922831,67
id7655295553,67
id7598813068,67
id3742900416,68
id9136330947,68
id1265693915,68
id5749988392,68
id8378103259,68
id6254477575,68
id6182647199,69
id1156278827,69
id4035674203,69
id9326165312,69
id5716160344,69
id4745310598,69
id4367454072,70
id0111645283,70
id8859144939,70
id1363364532,70
id2949549652,70
id7282047934,70
id2513684761,71
id5393542692,71
id4100540058,71
id0890975598,71
id8067685577,71
id8634952108,71
id9886733647,72
id9208889686,72
id6609529762,72
id3606142227,72
id1495871914,72
id0389315860,72
id9404304302,73
id3891559971,73
id1170490025,73
id8487238950,73
id2048731034,73
id5504383611,73
id0088945535,74
id0757078700,74
id5159326821,74
id6943035423,74
id6633768526,74
id6527258036,74
id6166079892,75
id4979377509,75
id4856943791,75
id9594246424,75
id2241786086,75
id4924857998,75
id8634365618,76
id5221695960,76
id6533166982,76
id7671239246,76
id6747001242,76
id6115346477,76
id4549153710,77
id7638711033,77
id4823631251,77
id4169894903,77
id3251284738,77
id7683031906,77
id6222038943,78
id8557140597,78
id7768667414,78
id3020459087,78
id4068829470,78
id3895072692,78
id1268843339,79
id5510172509,79
id4437936496,79
id5855647755,79
id6691124140,79
id9726488065,79
id6259642384,80
id7459232301,80
id6505702300,80
id0324820612,80
id4113400658,80
id1232313992,80
id1007623805,81
id2316119009,81
id8227767968,81
id3233824240,81
id1756515895,81
id9746227762,81
id7503529452,82
id9532971236,82
id4543531773,82
id7656838672,82
id1036888331,82
id8341225919,82
id4104455227,83
id8842350966,83
id6860369956,83
id4256160746,83
id6158154643,83
id2276785158,83
id6798749302,84
id5898083328,84
id7986539541,84
id0935675866,84
id3041598540,84
id8365372434,84
id1748660608,85
id5830538590,85
id1537538762,85
id9495154902,85
id3311142851,85
id0534213777,85
id2340801654,86
id1617698202,86
id9447369285,86
id7756361282,86
id9401862839,86
id0176865535,86
id0238210623,87
id7377573832,87
id9846937444,87
id8143226895,87
id6520273146,87
id6823437968,88
id5433016404,88
id8876953237,88
id3802458269,88
id1564311130,88
id0769503488,89
id5340882393,89
id8974108430,89
id4443740403,89
id8239561116,89
id8478786580,90
id9476736114,90
id5913184257,90
id4170230498,90
id1727653078,90
id7590571865,91
id0733910411,91
id6603377871,91
id2365440798,91
id3129148942,91
id1787337588,92
id3478762163,92
id5008736878,92
id3499382091,92
id8118622744,92
id3130285548,93
id8994729732,93
id2571143394,93
id9178611286,93
id9070172758,93
id5836606302,94
id1863814668,94
id6559039159,94
id3989576622,94
id3251049351,94
id6325575177,95
id5254458976,95
id3816105752,95
id7531949485,95
id6616028551,95
id4718425808,96
id2935974099,96
id0135529117,96
id1112935858,96
id4321824073,96
id4901021106,97
id0140365143,97
id8826226189,97
id8717345817,97
id0529614495,97
id6640998071,98
id8741573358,98
id8913248324,98
id2505536863,98
id2769019734,98
id8526675546,99
id9238450968,99
id3282478595,99
id2172982962,99
id5008373916,99
id4415664410,100
id9204979295,100
id1275680755,100
id1802481363,100
id1269293340,100
id5345307221,101
id6325885153,101
id4048490440,101
id4867985929,101
id8511709062,101
id5706890521,102
id4688437139,102
id2401705878,102
id3112851635,102
id1596209504,102
id9761796379,103
id8998648552,103
id2197514188,103
id6725709168,103
id7745042801,103
id9094945226,104
id7664667447,104
id1758011875,104
id7740067087,104
id8933926136,104
id9096613697,105
id4934522365,105
id8294316865,105
id8321119793,105
id1201023329,105
id1728880768,106
id7145725632,106
id6476102650,106
id9792489370,106
id8237838681,106
id0490367451,107
id3696291675,107
id5619932989,107
id0285069744,107
id3120847196,107
id1191899052,108
id7740290869,108
id0975501905,108
id5255315850,108
id3061469589,108
id1235836860,109
id2719298147,109
id0980466013,109
id1004600146,109
id7264399036,109
id7575460939,110
id2917966225,110
id7289918969,110
id5937252000,110
id8591213833,110
id7043319065,111
id5444845438,111
id1540769145,111
id5375886067,111
id5191574674,111
id6913393186,112
id1027185220,112
id3197307730,112
id1828740018,112
id7789511432,112
id2139337216,113
id6318056562,113
id6217698256,113
id9841863784,113
id5176943872,113
id7259515458,114
id3463962056,114
id9447670928,114
id6839854835,114
id5654628548,114
id1092771795,115
id0180844619,115
id9650483558,115
id6582249888,115
id8023068880,115
id4840368305,116
id9041198500,116
id8622653995,116
id8326082406,116
id9527156380,116
id3903983064,117
id5329711241,117
id8544640532,117
id9228689572,117
id0514757494,117
id8385131912,118
id7253453398,118
id1945522344,118
id1678937258,118
id2739626390,118
id5021232048,119
id3928945076,119
id9819996656,119
id5817642227,119
id4766475983,119
id0787974489,120
id6656460114,120
id0696678715,120
id6076453653,120
id4547515502,120
id6437228906,121
id8322908155,121
id2545594108,121
id0155548304,121
id8584868085,121
id3982097671,122
id4511326822,122
id8570601203,122
id4425893814,122
id9215440731,122
id8629759818,123
id2168646707,123
id0302722443,123
id4048473579,123
id6536550930,123
id0817605779,124
id3142059942,124
id9398319405,124
id5523907808,124
id2642676602,124
id5750959569,125
id3197736407,125
id1550780397,125
id8868390128,125
id3667927116,125
id4975216122,126
id9654183788,126
id2905476100,126
id6623539316,126
id8776738359,126
id3611336621,127
id3646587968,127
id7172414413,127
id0519612555,127
id2810367592,127
id4653438616,128
id9505544910,128
id2041689485,128
id8327617601,128
id9042868059,128
id4096501188,129
id8299441115,129
id5992796126,129
id1107678649,129
id8884159711,129
id5573234898,130
id6781792934,130
id2407073639,130
id2034468596,130
id6854471685,130
id9191104003,131
id3403664598,131
id8893899066,131
id9713102237,131
id6734915112,131
id3449964427,132
id9053988219,132
id6245947875,132
id5976019447,132
id6326485645,132
id1395694843,133
id9294334141,133
id0650651115,133
id0663217649,133
id2454579166,133
id7605595957,134
id0340409267,134
id2528960718,134
id7862444365,134
id0113639256,134
id5393193665,135
id7988839548,135
id5416019056,135
id0447936730,135
id4035458410,135
id4974470278,136
id6953649933,136
id5961475674,136
id8020573794,136
id3183546032,136
id5065968974,137
id9114705218,137
id3838047855,137
id6301324489,137
id6602765473,137
id7257188448,138
id4044900905,138
id5165611047,138
id4304179632,138
id6293183364,138
id2520652816,139
id3418244748,139
id0082106339,139
id8912313342,139
id3698690752,139
id9913192443,140
id2464084937,140
id1019328327,140
id7087596989,140
id7237466927,140
id6897584166,141
id1562180441,141
id0393702542,141
id6823857496,141
id0721752117,141
id0901159270,142
id1649397376,142
id6605247529,142
id0242257321,142
id9251558442,142
id2627294034,143
id1174745903,143
id1981795469,143
id4320223967,143
id0690315830,143
id0551908793,144
id5514047683,144
id5041491485,144
id7658723362,144
id5491171305,144
id0760146683,145
id7214637246,145
id5198571797,145
id4520774949,145
id4057784863,145
id8588318637,146
id6763941992,146
id3740369869,146
id3299729991,146
id8695081091,146
id8261053203,147
id7528975916,147
id5439139705,147
id3053554290,147
id7769470629,147
id7307995329,148
id8618217673,148
id2402004676,148
id9160051275,148
id0016493750,148
id4597617069,149
id8254817699,149
id7934407692,149
id2492247223,149
id3720007223,149
id9652682419,150
id8774183039,150
id0961569230,150
id6604625151,150
id4583183988,150
id5342591937,151
id9546286349,151
id2632917659,151
id1447507698,151
id5952675792,151
id3844107761,152
id1489836352,152
id1261789901,152
id6627835322,152
id9188497719,152
id4822927630,153
id5917751672,153
id1979436379,153
id2295150642,153
id2537350537,153
id5443461551,154
id5278440661,154
id9896768915,154
id8049540814,154
id4348273658,154
id2995218929,155
id6464123878,155
id8501208264,155
id4272885240,155
id3205000402,155
id1105969904,156
id1622868492,156
id3097202626,156
id7571427135,156
id0146320930,156
id8716337107,157
id5719560402,157
id0630971514,157
id0692885019,157
id1481122524,157
id3565498985,158
id0062198733,158
id2178171721,158
id0552788766,158
id9602890002,158
id5138892661,159
id7475464392,159
id0877990811,159
id0677225007,159
id5214250233,159
id9899446624,160
id9742124395,160
id0173093258,160
id0268575860,160
id2506940501,160
id7550306401,161
id7153258821,161
id8743357625,161
id4304466620,161
id8003633683,161
id0380738930,162
id4839761034,162
id3716554364,162
id9930509853,162
id1889856332,162
id5967372788,163
id8364968742,163
id3631619729,163
id4828554963,163
id0696291910,163
id6390787232,164
id1487114093,164
id2849929091,164
id9724127605,164
id8902693108,164
id9061339885,165
id1662649036,165
id4842370374,165
id1229277530,165
id1969028452,165
id2929495393,166
id8077545743,166
id2174653568,166
id5904499541,166
id5161952920,166
id2465551158,167
id3038303247,167
id4654431495,167
id4491187484,167
id7486323386,167
id3154498710,168
id6549600482,168
id4073995585,168
id3379516905,168
id7654152862,168
id5784280750,169
id7045457202,169
id6727239774,169
id8084832472,169
id6526987698,169
id9254758084,170
id6090866050,170
id5908275237,170
id5121588754,170
id0690536233,170
id7020500275,171
id3403445108,171
id0990241020,171
id4022278793,171
id3918896287,171
id6782815162,172
id8405658713,172
id1868109507,172
id7621685774,172
id5599280621,172
id8156694459,173
id9843824458,173
id6691356438,173
id9289124070,173
id5676205648,173
id4169506468,174
id3849841469,174
id9505490735,174
id5030279208,174
id3352045644,174
id9042949980,175
id6440792710,175
id4264181154,175
id4130667297,175
id9385333603,175
id5089803772,176
id2938488307,176
id5871721955,176
id3939699914,176
id1938498731,176
id8997140819,177
id9268022810,177
id0094861366,177
id8903845537,177
id1915082219,177
id0818919774,178
id7440757867,178
id6094859974,178
id2281856975,178
id0896606857,178
id5672636547,179
id2026276299,179
id0616315013,179
id9263334084,179
id7827477587,179
id5428342493,180
id0207601911,180
id6218292542,180
id5110926895,180
id2288691730,180
id6214741557,181
id1433879554,181
id2324993531,181
id6452787976,181
id9295173766,181
id8464573306,182
id9361749436,182
id7600637364,182
id1665067704,182
id3178056184,182
id8529029420,183
id9660384306,183
id3443817147,183
id4218279088,183
id9850059400,183
id8091813688,184
id9921929081,184
id2405588563,184
id4209346025,184
id5243799156,184
id3435985204,185
id3491026629,185
id3298135188,185
id2554877523,185
id5578155452,185
id3001600336,186
id8430063013,186
id7107401809,186
id8128439128,186
id0900565543,186
id0155867751,187
id7345930415,187
id2686707587,187
id2209839349,187
id8829461982,187
id1455594909,188
id0652753156,188
id2522763674,188
id9089123588,188
id8559058300,188
id7139769958,189
id3037257680,189
id4509589059,189
id7030196792,189
id9729112807,189
id7457572805,190
id9287186821,190
id0326280643,190
id8717975019,190
id1650753976,190
id1190320689,191
id3186925253,191
id5788981170,191
id4365690483,191
id2337952929,191
id7991322945,192
id3623533623,192
id5209991624,192
id5994401897,192
id3857159858,192
id2152618654,193
id6172511559,193
id0763232915,193
id4670775394,193
id7267146194,193
id5119592975,194
id7493278485,194
id7712566415,194
id4715773272,194
id8665219001,194
id5393756091,195
id1017271704,195
id7466779680,195
id1843578740,195
id4322380315,195
id4080460024,196
id4426311771,196
id3634227477,196
id8914888394,196
id1809806648,196
id3438066512,197
id5699610744,197
id0171709562,197
id2277337688,197
id2960439318,197
id8801517830,198
id1410078200,198
id9918156631,198
id6323457000,198
id4770444594,198
id5782339156,199
id1464887497,199
id4929690326,199
id4932435810,199
id1969840109,199
id1835917930,200
id7195206113,200
id5948514135,200
id6927485637,200
id7139095053,200
id6869129022,201
id4873251208,201
id0604836061,201
id9593964913,201
id3721332779,201
id2304527661,202
id0308038422,202
id5987603428,202
id7850594951,202
id5511318231,202
id0194465685,203
id2107557452,203
id2458867173,203
id5539469800,203
id3730574797,203
id8594347685,204
id6109965852,204
id1134996395,204
id7564789037,204
id2771151286,204
id8791226409,205
id8110422458,205
id7661193666,205
id8691695767,205
id8822384187,205
id7185407279,206
id4000659886,206
id1490533716,206
id0142021287,206
id4350976153,206
id1031370574,207
id6526128607,207
id0077551582,207
id5400098056,207
id6527507185,207
id1637399303,208
id8497462698,208
id7998632372,208
id0288511463,208
id4987436756,208
id9650466022,209
id2289958790,209
id8895933456,209
id3087629964,209
id0290167844,209
id0582149233,210
id4386001889,210
id2018924789,210
id2393448113,210
id9155820150,210
id9953906672,211
id4842546506,211
id0762857432,211
id3327244293,211
id9119641851,211
id1734773425,212
id3316536050,212
id4079285668,212
id3778781302,212
id2320731409,212
id0918377736,213
id3527942980,213
id4067183574,213
id4256188383,213
id5471158235,213
id3122471371,214
id8698576747,214
id2337930693,214
id3836250357,214
id9913571970,214
id8523953208,215
id4638731729,215
id3124486223,215
id8831765654,215
id4953659163,215
id4214314521,216
id8919828386,216
id0576617822,216
id1429215007,216
id1120728694,216
id3711423108,217
id9515514598,217
id3945132454,217
id7682925525,217
id3287431414,217
id0966285567,218
id1164705521,218
id1692056700,218
id5232234797,218
id7560162412,218
id0751180732,219
id8996679257,219
id0913203553,219
id9848374474,219
id1737268453,219
id2370405294,220
id8454111823,220
id7192750642,220
id6311696961,220
id1666554890,220
id4469471439,221
id4743208176,221
id6657897784,221
id7018133074,221
id9787553591,221
id6260196038,222
id4792780445,222
id9388150261,222
id8775239391,222
id0250606108,222
id4311733218,223
id4326999178,223
id6777217519,223
id4713952247,223
id9392310975,223
id2783914807,224
id7036428079,224
id1201020711,224
id7681106307,224
id1107374063,224
id7751029576,225
id6861716763,225
id4024627380,225
id7458610734,225
id3168045293,225
id6489883574,226
id7048136612,226
id0441912517,226
id6965750292,226
id5706523491,226
id3858736066,227
id8225106767,227
id5311691966,227
id9891489195,227
id6102280340,228
id7499306438,228
id1008655762,228
id8997490789,228
id4815589789,229
id7008611027,229
id9066130085,229
id6723013537,229
id0632745989,230
id0133121272,230
id4314158818,230
id1513712520,230
id1157826728,231
id2951299198,231
id2683818587,231
id8028156813,231
id3102288480,232
id5208356655,232
id3508222531,232
id5435437233,232
id0315447250,233
id2260461433,233
id5567242299,233
id4864022674,233
id0554474964,234
id1967093718,234
id9098417762,234
id4079857793,234
id0926593371,235
id8451980580,235
id8084101254,235
id6322064027,235
id0300257372,236
id0242852850,236
id7212767446,236
id4569140452,236
id1190835079,237
id5091339494,237
id5259600866,237
id0308734720,237
id2795130742,238
id6680371672,238
id2202848132,238
id1561651671,238
id4040193190,239
id5481592056,239
id1759843196,239
id4654227933,239
id4102295137,240
id6765235924,240
id3787532417,240
id0301856628,240
id0085651332,241
id8251285545,241
id7861762141,241
id5521998460,241
id8400652437,242
id3202332708,242
id8780290581,242
id3408439610,242
id3692393736,243
id9688535997,243
id0033685384,243
id0170645078,243
id8257856666,244
id4347904617,244
id2814626647,244
id4421390690,244
id6805394100,245
id1037480365,245
id1467970432,245
id0466563687,245
id4146375215,246
id2833717762,246
id6311342408,246
id2609917897,246
id1093524754,247
id8699762687,247
id6711638126,247
id9589289926,247
id9092056174,248
id0751771883,248
id4371764574,248
id5028579621,248
id3163863831,249
id1506632525,249
id6727017111,249
id0344944310,249
id5642835466,250
id6797798615,250
id5426128203,250
id4568145121,250
id4324245079,251
id5799334100,251
id1332377635,251
id1058197598,251
id3550986141,252
id5000847744,252
id5779684378,252
id4469433500,252
id3970849107,253
id2426343905,253
id0328095323,253
id9436661401,253
id4540889594,254
id8223613621,254
id1575083689,254
id3563805090,254
id3827792129,255
id8082252421,255
id5704639919,255
id1705767264,255
id1406444744,256
id7366094694,256
id2534124913,256
id7546737305,256
id0907226644,257
id5047187590,257
id9099066506,257
id1954673249,257
id2397724307,258
id9811619555,258
id1491119898,258
id8576183703,258
id8061256982,259
id7748270781,259
id8500472987,259
id8095394375,259
id0552300336,260
id2426998602,260
id7383278965,260
id1611880733,260
id5070778430,261
id2015569461,261
id6550151345,261
id5800434408,261
id6430390392,262
id3970230695,262
id9395719181,262
id8060732790,262
id5373894814,263
id6334944435,263
id4694208668,263
id4724657232,263
id9567584894,264
id3467933986,264
id0935965704,264
id5863324962,264
id2617843421,265
id3020548457,265
id4074402384,265
id3742674056,265
id5048824897,266
id2088879337,266
id4175468105,266
id4067845777,266
id1766824820,267
id7233959856,267
id4618758601,267
id7161307513,267
id8391963300,268
id5663427117,268
id3249045484,268
id8535191156,268
id1501825456,269
id1186704972,269
id5367333423,269
id0220051571,269
id3007421892,270
id0788590638,270
id2416827852,270
id2125025915,270
id3155657728,271
id2563949724,271
id6373752340,271
id4664187505,271
id2106285899,272
id0216601382,272
id9587694914,272
id8035906414,272
id4069263389,273
id5896985712,273
id1898159638,273
id4158273924,273
id4473760531,274
id9742153732,274
id2839787344,274
id7940052604,274
id3696574514,275
id5109663443,275
id9147508316,275
id2826660416,275
id5032158499,276
id0284738144,276
id9057373904,276
id1776712284,276
id2932999371,277
id5091539731,277
id2781922807,277
id8034039860,277
id5696730031,278
id5738032225,278
id2217857061,278
id9317888497,278
id4789797559,279
id2577932478,279
id7586528959,279
id9358309411,279
id4085240246,280
id3521696811,280
id7808437970,280
id9433571792,280
id4992645827,281
id5595838398,281
id2651406136,281
id1903448258,281
id3527502246,282
id1840123216,282
id9757561667,282
id4953821111,282
id2192497568,283
id9846320885,283
id7264180430,283
id7103280702,283
id6934338113,284
id5855703871,284
id4721990162,284
id2054202718,284
id3169034128,285
id4733761926,285
id4263233452,285
id2787718624,285
id8650974193,286
id6594122133,286
id1451749275,286
id3421473956,286
id2358408775,287
id2346775556,287
id7257775552,287
id0729890507,287
id7852746430,288
id4695230205,288
id9221847929,288
id7646176585,288
id3674054938,289
id3189339807,289
id0833677872,289
id3280969246,289
id2376976828,290
id6445106670,290
id6815157819,290
id4367023311,290
id9203773146,291
id1379931117,291
id4880754239,291
id0371465834,291
id3054817277,292
id6233588684,292
id0005016544,292
id6398674920,292
id1557129499,293
id6223221541,293
id5082523335,293
id0003760878,293
id8590462542,294
id8368814657,294
id3465853035,294
id0192712445,294
id5644934960,295
id2053602067,295
id0352594900,295
id1876691060,295
id4246479811,296
id7992944730,296
id3444939237,296
id0264444910,296
id7285441331,297
id0612543426,297
id2598332837,297
id1822125562,297
id0156706213,298
id6302583818,298
id2082009055,298
id7904960695,298
id5882853767,299
id8048950449,299
id3118935596,299
id5772016401,299
id1009339630,300
id7194700032,300
id7561254333,300
id1067110682,300
id3324609154,301
id3475748076,301
id3797862036,301
id9009038519,301
id4330510414,302
id3753585179,302
id3896811224,302
id4548764745,302
id1905642460,303
id1545142287,303
id0424751516,303
id5517983951,303
id8614287136,304
id5615344788,304
id4345135330,304
id3359607730,304
id7150347490,305
id1418076228,305
id5269778878,305
id1903470940,305
id2278411385,306
id2205905269,306
id4857436786,306
id0721397790,306
id2924775804,307
id2379610473,307
id1900130663,307
id3212598347,307
id0499157650,308
id4483512995,308
id3859248616,308
id0994738807,308
id5549709609,309
id4966934558,309
id8876534277,309
id8282594231,309
id6127989763,310
id2841816580,310
id0062461166,310
id4926193336,310
id7666614908,311
id7848554937,311
id0183806853,311
id4807883421,311
id3277790290,312
id1074882284,312
id9500392206,312
id5682749641,312
id5820824076,313
id4814662365,313
id3868877829,313
id0994890855,313
id3332552897,314
id2293569214,314
id7019388096,314
id1440867466,314
id0158204211,315
id9817647163,315
id7005323890,315
id6508230789,315
id9350427298,316
id9857816831,316
id4275003228,316
id6365596228,316
id3472624040,317
id4462874978,317
id1442043245,317
id4221786544,317
id8895738811,318
id9941967159,318
id9769068982,318
id3772904388,318
id4281561718,319
id9237263346,319
id1783229307,319
id1807080478,319
id8540722846,320
id5688099053,320
id4120010958,320
id7115168037,320
id6722213750,321
id3587356415,321
id6167126663,321
id1557394866,321
id2960991079,322
id0234937712,322
id7875669996,322
id1530756508,322
id5659087714,323
id8727910733,323
id4407429897,323
id2933577768,323
id9317343943,324
id6633657373,324
id8924898299,324
id4913629950,324
id3667643421,325
id4794654994,325
id5213486123,325
id7549670595,325
id1116661768,326
id9539569311,326
id7582387033,326
id6619594515,326
id3232205421,327
id3335555319,327
id4068675902,327
id5251062336,327
id0622542281,328
id0563959722,328
id3731622557,328
id4087273887,328
id4432948875,329
id8375873254,329
id4688604215,329
id3876792705,329
id2173312061,330
id0225521696,330
id2930953325,330
id7981195608,330
id5229970821,331
id1553679125,331
id5142278967,331
id0326197754,331
id3911946449,332
id5500813409,332
id9190430503,332
id5322311861,332
id4462653791,333
id1902897330,333
id6496132197,333
id5610060101,333
id7581267612,334
id0727743688,334
id0604918810,334
id0926105323,334
id4256994500,335
id8664813915,335
id3778691327,335
id7302182140,335
id8318353290,336
id8979103313,336
id5820365777,336
id9577381822,336
id8659616851,337
id0083196685,337
id7076961327,337
id8618972938,337
id4219338838,338
id3302704250,338
id9312022668,338
id0337124090,338
id7094494198,339
id0318694612,339
id6440370292,339
id5921846749,339
id4397149712,340
id2206707732,340
id8039637866,340
id3926804048,340
id6883455924,341
id4329920396,341
id2410785065,341
id7047158066,341
id4361139991,342
id1564634876,342
id4615986444,342
id9479361123,342
id3681607019,343
id7482800419,343
id3068516594,343
id4502197397,343
id3871569094,344
id0395058120,344
id3009598462,344
id3142900165,344
id9437831091,345
id1020741349,345
id3386626050,345
id1747464444,345
id5884547275,346
id1520496970,346
id6898798410,346
id6840139997,346
id8378239007,347
id6302462475,347
id7592618774,347
id2073302542,347
id1936839616,348
id3228538851,348
id2897120298,348
id5214375571,348
id0555293948,349
id7402925369,349
id4657514669,349
id4869017990,349
id6049769805,350
id1967376628,350
id3964319215,350
id3705518748,350
id7097027018,351
id0483113372,351
id6398615494,351
id1240774285,351
id8412389540,352
id1028373374,352
id5001488773,352
id1363432371,352
id1344081564,353
id2025880307,353
id7801098983,353
id8948899398,353
id6625751557,354
id9296131505,354
id0696436909,354
id4329855118,354
id1655892014,355
id6608506787,355
id8423263356,355
id1629309451,355
id1350604310,356
id6718780749,356
id6574970241,356
id2690088669,356
id7156168007,357
id7268859647,357
id3540947668,357
id1990320220,357
id7866416841,358
id1502513798,358
id2216641212,358
id7671523719,358
id5498729447,359
id4126149889,359
id7290262540,359
id9984398634,359
id2604110332,360
id6176789808,360
id5129989469,360
id5320949877,360
id1251348763,361
id0110786255,361
id6519497368,361
id9788541667,361
id5712677145,362
id9632747574,362
id2795494417,362
id8383316943,362
id0140366195,363
id8874737418,363
id6396216717,363
id0603986507,363
id4529736255,364
id2287099598,364
id0796278631,364
id8501907549,364
id4594703396,365
id1367380687,365
id8367053853,365
id3834807476,365
id5171146943,366
id3164357302,366
id5060860079,366
id0131519725,366
id7510433851,367
id7518160780,367
id0919572686,367
id0443942178,367
id5685582483,368
id5664524959,368
id4978620584,368
id7752280031,368
id1630630723,369
id1873400916,369
id2350744707,369
id6839532318,369
id9445634605,370
id9569900642,370
id8280237524,370
id4091860838,370
id5342833738,371
id5312968627,371
id1394470906,371
id5063580160,371
id9536430686,372
id8322470485,372
id4293791230,372
id7110545956,372
id9569733495,373
id0889973413,373
id8408356883,373
id9149554464,373
id8740035703,374
id2753490634,374
id8041112554,374
id8959734523,374
id7955937155,375
id1183755218,375
id4429321351,375
id6459623735,375
id8678301822,376
id5720864933,376
id1572216791,376
id7915963916,376
id2093012647,377
id3605393019,377
id7237591372,377
id3285471137,377
id8880053750,378
id4459331798,378
id6957870724,378
id1468265882,378
id8296659129,379
id6478594026,379
id1382343989,379
id3241082393,379
id1002024781,380
id1472100262,380
id6121969005,380
id9566340245,380
id0509345536,381
id3972341783,381
id0680267857,381
id0171352476,381
id7313667877,382
id5726898073,382
id2593615609,382
id8642853771,382
id8243218551,383
id2815584338,383
id6078290526,383
id9545367380,383
id3482333151,384
id4745482960,384
id2733320045,384
id5725954002,384
id4788634065,385
id9296022899,385
id3122583428,385
id9318206246,385
id7866623697,386
id9353820132,386
id2215328997,386
id8552852543,386
id6074651725,387
id7822787508,387
id0283548133,387
id4243648282,387
id0156358495,388
id4426736289,388
id6688653302,388
id7500550367,388
id3476995140,389
id5019112001,389
id2557412611,389
id7586845803,389
id1319190072,390
id1850116765,390
id2538127957,390
id7632497366,390
id2089341342,391
id7063609602,391
id2507376801,391
id1070589493,391
id4903377771,392
id3281479728,392
id6112678745,392
id3300522097,392
id4880086188,393
id3262104595,393
id8060763855,393
id4882557865,393
id7653597212,394
id8871265561,394
id2642818855,394
id0796379998,394
id8968382805,395
id9348124383,395
id7503720825,395
id6503267822,395
id9893885425,396
id2765825140,396
id6962019331,396
id3552197478,396
id7673826633,397
id2017470334,397
id5729108435,397
id8389824911,397
id3041636815,398
id0115151884,398
id7631775406,398
id1725854605,398
id6157960380,399
id7313190832,399
id4505346759,399
id0111476158,399
id1868183042,400
id1811742978,400
id5539214319,400
id3019054874,400
id0455567895,401
id0032844391,401
id1092096013,401
id6410709774,401
id6996303944,402
id1700936832,402
id2069639876,402
id5323652843,402
id9737983296,403
id2267579788,403
id8370572072,403
id0090760082,403
id9447298079,404
id1183638940,404
id9066357746,404
id1909044199,404
id6865288903,405
id2403288842,405
id3908732943,405
id5583838299,405
id9830610035,406
id4779479001,406
id4527945098,406
id6312206199,406
id2095537696,407
id2430740646,407
id8487982991,407
id0375364292,407
id3849386963,408
id0432467582,408
id3048842512,408
id9230759221,408
id7923167008,409
id4403026073,409
id0693749947,409
id3417824630,409
id9496975496,410
id9044742253,410
id0087841845,410
id8110562847,410
id1842958065,411
id2588252532,411
id5569117731,411
id9902537082,411
id0688998165,412
id8405655983,412
id7426878253,412
id0406428513,412
id6148497209,413
id2222028321,413
id8223277205,413
id6266776110,413
id8156944968,414
id5990631314,414
id9842364259,414
id2640365034,414
id2170708372,415
id1165952196,415
id1330808178,415
id9412048791,415
id6553813264,416
id9277023083,416
id9598376220,416
id8455736408,416
id8336435634,417
id6828707075,417
id0466993715,417
id6878452329,417
id6763231382,418
id9451976158,418
id1340468288,418
id1353434032,418
id9187886142,419
id8784883203,419
id4985324268,419
id7600252372,419
id9083521107,420
id1973589975,420
id5736467381,420
id1455806891,420
id8134663220,421
id6472515924,421
id5032083548,421
id5145019559,421
id7232258193,422
id6671399661,422
id3291377902,422
id2458107039,423
id0778927408,423
id0896997207,423
id6349888592,424
id0953810834,424
id3477271049,424
id0422214074,425
id4582008430,425
id0006375933,425
id7102004255,426
id5536636731,426
id3902052132,426
id5021523252,427
id9468607093,427
id6393897417,427
id8488819199,428
id1239305894,428
id3357015593,428
id9539231940,429
id2165674801,429
id9890314006,429
id2240398593,430
id4135175037,430
id8747256458,430
id7952903455,431
id6280872123,431
id7989846856,431
id9908852163,432
id2820968095,432
id9229871910,432
id7572343097,433
id7453281388,433
id1850817961,433
id5351006240,434
id2310123001,434
id0725254057,434
id7869155377,435
id3098614317,435
id1794580890,435
id3352906409,436
id2513125988,436
id3294078440,436
id5067604818,437
id0352565509,437
id6440427638,437
id5670488774,438
id1873100163,438
id2978643265,438
id6139843717,439
id8221272411,439
id9182415027,439
id7912751433,440
id0567250116,440
id8134139290,440
id2595773637,441
id1823654947,441
id0527451387,441
id2337627191,442
id2467586725,442
id1097770416,442
id2543115690,443
id3477747159,443
id7014293799,443
id0438350889,444
id9194767772,444
id3884364027,444
id3564369601,445
id7866028049,445
id8867068160,445
id5240758540,446
id2316644413,446
id0248488788,446
id7366532822,447
id8335109071,447
id6390849025,447
id4056921066,448
id2094236831,448
id8453146999,448
id1646440959,449
id2974885717,449
id8374921493,449
id3134376725,450
id5857137463,450
id2225959353,450
id8327469986,451
id5784618916,451
id5753340972,451
id3013404016,452
id5383162496,452
id8242123348,452
id1397085677,453
id7699290498,453
id4164099641,453
id7255361954,454
id6268181528,454
id0496814302,454
id9285275045,455
id6092222756,455
id0178569700,455
id7575379149,456
id1510169277,456
id5965213363,456
id3615123852,457
id5805914168,457
id2827769324,457
id0797860943,458
id2882538748,458
id0022212673,458
id5520631787,459
id6460106893,459
id8994860479,459
id4475558486,460
id0113901268,460
id5459369744,460
id2186327559,461
id0635818557,461
id0201709988,461
id6137300608,462
id2714408762,462
id8502463630,462
id9392233466,463
id2517287214,463
id3862530813,463
id2853369675,464
id5314190286,464
id4903766265,464
id8861105227,465
id7349049956,465
id2312473518,465
id8335980233,466
id5898401174,466
id0168326032,466
id1238707089,467
id3541348540,467
id6084685911,467
id3415500293,468
id1375869965,468
id8553317015,468
id9831335849,469
id4215835264,469
id8618016910,469
id5781915303,470
id9082400236,470
id0791994837,470
id4891926783,471
id9186651287,471
id1717257212,471
id8965208107,472
id2732051998,472
id0483125718,472
id3456403354,473
id6410891186,473
id2670923029,473
id8647129974,474
id0803179986,474
id3131322050,474
id1388875209,475
id6893364422,475
id3183957522,475
id0519113111,476
id6743172391,476
id0318447921,476
id1854835147,477
id6027163833,477
id1371408084,477
id6327377244,478
id4771067911,478
id4698594790,478
id0810046666,479
id4422451054,479
id2050667243,479
id3397453462,480
id7835186469,480
id6158129326,480
id4322708375,481
id6117002201,481
id2377709134,481
id3998052727,482
id1858768882,482
id6642384995,482
id5009972101,483
id9270612069,483
id2238725245,483
id7894832689,484
id2657587253,484
id2148366456,484
id4869344058,485
id8974669633,485
id9962788367,485
id8491424484,486
id6880621875,486
id1626743982,486
id1981471495,487
id2198405341,487
id5271997979,487
id2549165606,488
id8037328859,488
id9291255127,488
id3514027316,489
id7544383480,489
id8147856131,489
id9743089056,490
id9191261198,490
id0681273858,490
id0905460180,491
id4594996239,491
id8448205358,491
id7761358496,492
id8587355857,492
id9820984980,492
id6299052390,493
id4071557349,493
id7561242441,493
id2371110785,494
id8176144587,494
id4680617360,494
id6043555823,495
id9679877708,495
id8984133901,495
id6615305500,496
id1398839277,496
id8573445544,496
id2645022701,497
id1125692267,497
id9630693160,497
id8364257204,498
id8267584374,498
id0375122747,498
id3102454103,499
id7512665117,499
id1410321537,499
id6162931718,500
id6889823009,500
id3857436797,500
id7003857453,501
id0647345386,501
id5093959886,501
id8242609631,502
id8921333659,502
id3677863062,502
id2394875402,503
id5089866812,503
id2381629235,503
id5391464223,504
id3390126944,504
id3271994935,504
id9915381364,505
id6485176569,505
id9455270947,505
id4277528144,506
id9140107407,506
id0298919694,506
id6141674503,507
id8398643459,507
id3401740403,507
id3683046346,508
id8727516306,508
id5386067260,508
id4663181098,509
id9984782687,509
id9724265512,509
id0328088508,510
id0483459640,510
id1389200426,510
id5763425901,511
id0246211183,511
id6396277176,511
id2644885051,512
id3970963280,512
id1526187936,512
id3160631333,513
id4949907388,513
id5618968722,513
id4858323392,514
id1506943924,514
id9741949961,514
id5198565779,515
id9061299840,515
id8245121308,515
id2283477941,516
id2560825872,516
id5811957707,516
id7307738053,517
id2659861571,517
id1296943925,517
id6604846141,518
id5044561044,518
id1213698671,518
id4469289665,519
id0308817789,519
id2045915929,519
id5218160348,520
id9987488869,520
id3508490732,520
id9908988416,521
id6058359990,521
id9491749568,521
id6792307001,522
id2722521740,522
id6640656068,522
id6816122403,523
id2400452344,523
id2077377040,523
id1083871341,524
id4298792286,524
id8667516587,524
id5369422395,525
id5744712862,525
id4553461720,525
id1057283881,526
id0471274792,526
id3326504637,526
id5353045281,527
id3232519718,527
id3527663793,527
id6354496934,528
id8319904244,528
id1007588121,528
id3471678085,529
id4665641028,529
id5334626139,529
id6849184021,530
id9392484486,530
id0280683886,530
id0224017346,531
id1893341953,531
id1266931385,531
id9267594246,532
id8729413720,532
id5485708012,532
id8248602281,533
id7376549606,533
id5965900948,533
id5449053495,534
id9101876451,534
id6092681316,534
id1893426850,535
id6528040284,535
id5769457657,535
id3062704257,536
id2282235844,536
id8593526772,536
id3388252823,537
id2137150298,537
id2256566111,537
id2439429104,538
id9056666705,538
id4101937669,538
id2167268127,539
id1411208154,539
id1310065134,539
id1758165080,540
id6567988712,540
id2382490603,540
id2772993752,541
id8907972019,541
id3827377281,541
id6153972410,542
id0794714494,542
id8101293295,542
id6273858305,543
id2124437813,543
id7390823099,543
id2006324440,544
id9549865518,544
id3354921813,544
id9804321073,545
id0993616226,545
id4383855773,545
id4065900513,546
id8034362076,546
id2385499614,546
id5156314065,547
id5598384624,547
id4272615013,547
id0517897991,548
id0048608642,548
id6499321544,548
id8366762800,549
id1387151523,549
id4338833284,549
id0149449843,550
id8327380831,550
id6160531014,550
id0045137181,551
id1654155119,551
id2163570936,551
id8139881954,552
id9753200145,552
id0976490224,552
id3712878132,553
id2685219646,553
id8057733237,553
id0259658993,554
id9114902758,554
id4164147792,554
id6768952836,555
id4019185321,555
id5055859809,555
id8782794894,556
id5622812907,556
id8281492275,556
id5217480639,557
id6469160840,557
id2632049501,557
id3876044882,558
id5849143190,558
id5135938584,558
id0149263903,559
id3400577325,559
id3588053316,559
id0134013993,560
id1849589931,560
id8465263149,560
id5899042685,561
id5274293609,561
id5087696708,561
id2186511117,562
id0741916799,562
id7970070858,562
id0679932977,563
id1342721329,563
id5164403599,563
id6960342291,564
id8151541116,564
id8753381660,564
id5912698217,565
id2790195636,565
id4412351867,565
id9422355340,566
id4336811467,566
id7907106130,566
id4250783275,567
id0887446751,567
id7628894527,567
id1290223348,568
id5259179313,568
id8759946213,568
id9584192019,569
id1611094825,569
id7892449550,569
id6671880615,570
id5338464933,570
id0730883464,570
id3837557750,571
id0399989044,571
id6762555694,571
id3171796990,572
id2627254419,572
id1509741116,572
id3478884154,573
id2713402885,573
id2710530537,573
id1788212250,574
id5569325388,574
id6726653596,574
id1688085053,575
id7811884582,575
id5787386529,575
id4879603555,576
id4547930906,576
id3889832233,576
id4425024531,577
id3372362986,577
id9122865129,577
id2517195768,578
id4724813864,578
id6057375690,578
id1095683102,579
id9066349289,579
id1891017589,579
id3920389557,580
id4593429928,580
id9913464675,580
id5908354363,581
id4288993112,581
id4828379381,581
id4670357421,582
id6275495452,582
id8387049981,582
id8309435415,583
id2120295090,583
id0137875920,583
id8497750585,584
id5583741846,584
id1467701271,584
id6114846154,585
id1941790705,585
id4783983537,585
id3463558116,586
id4942026801,586
id2015331941,586
id8682382454,587
id6249993286,587
id5488492860,587
id5772456845,588
id6310054977,588
id2421422862,588
id0262914328,589
id4350545598,589
id1234462079,589
id1212658362,590
id6729457562,590
id1422828988,590
id2984793995,591
id6037733438,591
id0958137719,591
id4507879232,592
id2296247940,592
id1046460486,592
id5747917489,593
id7220665202,593
id3956397241,593
id2827402100,594
id2626071699,594
id7195798984,594
id0098713149,595
id8473907775,595
id9944657516,595
id0089848132,596
id3062590758,596
id2383445269,596
id9759323254,597
id7787969446,597
id4436620878,597
id8168702445,598
id0840681512,598
id1492971153,598
id7709139606,599
id6280105131,599
id1778228841,599
id1618621810,600
id1010608255,600
id2208866455,600
id2961092463,601
id7594784225,601
id6066330144,601
id7985581299,602
id3158795009,602
id7366559096,602
id4706351508,603
id7676014882,603
id2609358173,603
id8476739274,604
id3833002296,604
id0255716669,604
id0620140295,605
id7354977255,605
id0010725420,605
id8479503613,606
id5586834493,606
id9233703335,606
id1478093828,607
id9499181859,607
id0111591455,607
id8381404536,608
id4227174817,608
id5105383320,608
id0427988282,609
id1487549608,609
id1610675001,609
id3697617528,610
id1330021525,610
id3929886256,610
id2532336661,611
id8403463562,611
id6900410016,611
id0720941848,612
id7111787831,612
id3480872458,612
id6439516310,613
id3759028271,613
id2194620963,613
id9784597543,614
id3060919943,614
id6716828225,614
id4894467544,615
id1505269366,615
id7606460868,615
id7171162352,616
id3894895039,616
id7201786311,616
id4022133269,617
id6512808466,617
id0624068684,617
id5287349550,618
id5016844325,618
id4429370516,618
id4269561123,619
id5526194504,619
id7153127442,619
id3083247745,620
id4102797736,620
id0500755783,620
id7470460515,621
id4553796877,621
id2600047363,621
id1895771596,622
id8400049834,622
id9435048518,622
id5104285561,623
id8344662867,623
id5328278296,623
id5286153171,624
id8898140041,624
id3419642926,624
id3082911550,625
id4206122707,625
id3403223173,625
id3140010754,626
id2693706509,626
id2920558502,626
id0249181808,627
id2048535842,627
id5635496217,627
id1370889772,628
id8838101041,628
id5998161861,628
id7073162073,629
id0853718154,629
id8939226286,629
id3395537952,630
id5352345684,630
id5041982481,630
id4372680087,631
id1145290903,631
id8668982669,631
id9242881708,632
id8112967185,632
id8192512396,632
id9125724290,633
id8734390146,633
id0381160402,633
id7673014492,634
id4148326209,634
id7435756048,634
id7086774154,635
id5770102694,635
id9375217433,635
id9526414398,636
id4002090798,636
id7196434967,636
id7006292133,637
id0331654255,637
id5895123624,637
id0551917518,638
id3406372683,638
id3730147887,638
id3465426791,639
id3357432346,639
id9398837207,639
id7965566216,640
id1352329254,640
id7704407590,640
id5291566632,641
id8756265394,641
id2320971403,641
id1810452366,642
id5070141265,642
id8039021297,642
id1263012322,643
id6367483876,643
id4707244500,643
id9562688576,644
id5073500122,644
id2678805254,644
id4691656489,645
id3775403375,645
id2116589926,645
id1164130208,646
id1012172950,646
id4661297434,646
id3166933838,647
id5969018224,647
id7775644221,647
id0054332815,648
id5021213640,648
id6758398561,648
id3538187385,649
id3448409313,649
id0336568340,649
id7376112987,650
id3787692039,650
id4820606586,650
id8423877226,651
id8403012500,651
id9187200009,651
id6743951406,652
id8261160057,652
id6182288936,652
id8004320073,653
id0554577483,653
id8316293512,653
id4872417645,654
id0627579317,654
id0576531350,654
id7191451293,655
id0765609318,655
id9646818467,655
id7048903730,656
id0962628134,656
id4835166505,656
id0404553790,657
id6558136985,657
id6060995220,657
id0099906856,658
id8002476627,658
id6991482185,658
id2141923768,659
id5288717816,659
id8005010463,659
id4457100381,660
id4413369694,660
id1704936234,660
id2932847746,661
id4153942324,661
id8471198658,661
id9977945913,662
id0364767578,662
id6689956058,662
id6098234088,663
id7412326057,663
id8000258396,663
id6739005757,664
id5799721707,664
id9106503731,664
id8770486400,665
id0396421097,665
id3081475146,665
id3397557453,666
id1337383087,666
id5843244237,666
id4532095724,667
id4272864844,667
id3815450273,667
id3837869327,668
id9886401827,668
id1442137968,668
id8399387743,669
id1697905118,669
id1733025769,669
id8226117626,670
id5642511534,670
id9741447473,670
id8047187077,671
id4697373811,671
id8970945440,671
id0374485089,672
id8426634542,672
id2317988186,672
id4662965778,673
id1300230729,673
id1174749372,673
id4791652270,674
id9592846305,674
id4819406394,674
id0335761719,675
id9512953969,675
id6082040820,675
id5884002665,676
id6734541604,676
id2622598460,676
id1632524256,677
id0037695494,677
id6774912021,677
id0815110141,678
id4801064016,678
id8025028251,678
id3987821966,679
id3364355181,679
id6277201348,679
id6898339735,680
id4160758423,680
id9960386999,680
id4417803713,681
id5564600603,681
id9146123188,681
id0248359350,682
id0304042027,682
id2320313490,682
id7792324153,683
id9661235497,683
id9095648224,683
id8539218730,684
id8020772082,684
id9241533004,684
id5096163708,685
id9201152085,685
id7499116646,685
id1966378553,686
id3767094459,686
id5643421048,686
id6730182385,687
id5026861743,687
id3637245005,687
id3646767642,688
id2226531261,688
id7424427293,688
id4636637386,689
id5360483761,689
id9677870481,689
id7590594769,690
id9405435859,690
id3662728561,690
id7296112064,691
id3122376994,691
id0153934247,691
id0469322843,692
id7620850028,692
id2207150793,692
id3548747348,693
id2108721478,693
id9809184423,693
id9459275728,694
id0345881171,694
id0460562571,694
id7269313813,695
id5975401026,695
id0203963110,695
id6438346969,696
id4260958663,696
id0459363304,696
id3900264015,697
id2690527339,697
id7336305746,697
id4938109203,698
id2659284792,698
id9708585739,698
id7046544481,699
id7241695792,699
id3157103826,699
id4939341068,700
id7851425512,700
id8196716138,700
id3747183605,701
id7163112849,701
id6588926869,701
id4748098306,702
id2483876832,702
id2567822265,702
id8412737753,703
id8511030099,703
id1982641204,703
id5871627281,704
id0308690711,704
id5315139284,704
id3782870424,705
id9874274669,705
id3569814580,706
id9378624653,706
id1542601136,707
id9505583013,707
id2526755853,708
id6492408250,708
id3524163198,709
id8440184054,709
id8318277217,710
id4051089752,710
id7021069899,711
id3698727216,711
id5042450402,712
id7435132157,712
id1968201641,713
id6832139426,713
id1469132431,714
id1236903105,714
id7730466605,715
id6631174572,715
id3020277738,716
id9837646066,716
id9978752381,717
id1194408569,717
id7889291176,718
id4553825921,718
id5574465107,719
id7673703306,719
id0813452680,720
id4841341173,720
id4625712199,721
id3546482801,721
id3507002993,722
id1554213359,722
id9099171220,723
id1414870371,723
id4674159819,724
id3565282872,724
id5290604839,725
id1154412586,725
id9228703464,726
id0242722018,726
id7033207767,727
id9429579875,727
id5655644698,728
id2318743060,728
id7745658714,729
id8739453217,729
id5815810936,730
id6444440982,730
id5681247096,731
id1601096455,731
id6087173210,732
id6065849099,732
id5019761657,733
id5554685792,733
id3426982777,734
id4170276304,734
id0350046736,735
id0480308048,735
id2429820278,736
id9283623607,736
id6122118159,737
id1703143844,737
id3468669117,738
id7545453344,738
id8352019986,739
id6418056350,739
id9862789170,740
id1111177848,740
id6015957267,741
id7443444243,741
id0909802902,742
id3204256601,742
id9647472229,743
id0683734677,743
id6069544127,744
id0627513107,744
id3019968228,745
id7907058407,745
id8247522832,746
id5621513879,746
id3003989810,747
id2787323089,747
id0729012423,748
id6654316064,748
id5322978139,749
id2080984795,749
id5507637510,750
id7087594216,750
id0426244250,751
id4987767475,751
id8561604442,752
id0934221436,752
id6251903651,753
id0362936511,753
id4149985796,754
id6871668285,754
id3327763013,755
id5665144431,755
id8048606331,756
id7810915971,756
id5969142264,757
id9858094363,757
id2568187471,758
id2309666594,758
id0361194165,759
id1167327658,759
id6132081507,760
id4908530828,760
id9772137451,761
id1230839202,761
id1038825576,762
id7966951851,762
id2918670365,763
id3303074826,763
id1710522177,764
id4643509559,764
id4258915159,765
id5065360774,765
id8558739403,766
id1231193570,766
id4217282595,767
id0836706378,767
id6429636134,768
id7508350541,768
id4696135948,769
id1240599733,769
id8167100229,770
id6593887204,770
id6477708563,771
id1228658223,771
id5392732120,772
id6280748515,772
id4883084458,773
id8538115142,773
id1762264051,774
id5473136649,774
id2932972755,775
id0581483341,775
id1086914555,776
id6810574107,776
id5161080783,777
id6077191887,777
id6557958377,778
id1236049483,778
id3951411365,779
id1255199922,779
id3288405849,780
id4073995984,780
id2794743377,781
id7790439333,781
id5909041665,782
id1446383092,782
id3328770870,783
id7984368749,783
id6893566972,784
id9584768621,784
id3358341064,785
id4611771622,785
id9453862952,786
id0707905036,786
id6165380655,787
id3011110471,787
id4685037158,788
id8599347056,788
id8625900286,789
id3073005876,789
id2534304566,790
id5717901553,790
id5210906351,791
id6964764117,791
id9474581695,792
id3013428948,792
id3665369359,793
id0091856487,793
id1760266323,794
id1883014455,794
id7707963942,795
id8032083158,795
id0998822569,796
id3333496547,796
id4027566660,797
id2284971504,797
id0660720654,798
id6548734226,798
id9071354164,799
id8238306228,799
id9008515120,800
id9890537477,800
id3635319026,801
id7338821122,801
id3762302119,802
id0384069793,802
id7484579356,803
id0315460824,803
id6252215922,804
id2623075896,804
id6426586882,805
id2730497044,805
id8764436353,806
id4720065187,806
id5287535636,807
id7281592372,807
id1204527046,808
id6063773297,808
id9555215154,809
id2583255925,809
id2837217011,810
id4160102700,810
id1854171332,811
id1158360876,811
id0388299587,812
id0806929732,812
id0308836363,813
id1435330556,813
id6202245904,814
id0359368102,814
id4638906278,815
id1497690032,815
id5017158128,816
id2048834822,816
id0989588674,817
id5512124878,817
id6947890236,818
id2827434944,818
id0808897437,819
id2220595025,819
id0851931833,820
id4478975599,820
id0289300618,821
id9860722837,821
id4831565935,822
id0594553827,822
id0050809899,823
id5034249915,823
id1737511103,824
id1137919680,824
id3021100912,825
id7957198188,825
id3900139993,826
id8886679422,826
id2994017789,827
id5949631248,827
id5840742014,828
id4247402769,828
id3510922303,829
id1477280162,829
id7328515990,830
id2708942716,830
id3108444625,831
id4905485489,831
id8809076885,832
id2813835212,832
id0111464556,833
id6746507335,833
id0403829522,834
id1571512733,834
id6190924344,835
id4816389017,835
id3976509919,836
id8684662174,836
id5122637895,837
id2480075411,837
id0848587438,838
id8799702836,838
id8018022189,839
id1601843918,839
id2581147287,840
id5133504444,840
id1380922246,841
id6948893571,841
id3492662080,842
id1973919666,842
id3628973308,843
id4341749265,843
id6128223995,844
id4602802243,844
id8792142679,845
id9056440581,845
id9191766602,846
id4989712977,846
id5385657989,847
id6640698754,847
id9246850858,848
id2552019538,848
id5714339187,849
id4250166776,849
id7791458077,850
id3784142729,850
id8287336310,851
id0275880848,851
id9975880355,852
id0986022872,852
id6263962287,853
id4309899060,853
id2090340476,854
id8936710848,854
id5460022955,855
id3918932710,855
id6316384618,856
id7404112432,856
id7312011138,857
id5255771974,857
id2262384395,858
id8533889862,858
id1894705180,859
id4725102118,859
id1830302288,860
id9946274901,860
id7159925374,861
id1403246598,861
id0742671872,862
id1734253275,862
id6863443926,863
id4379652585,863
id3035172478,864
id2919336679,864
id9616902699,865
id0692701084,865
id9940367264,866
id0167846887,866
id5498169911,867
id9256835290,867
id8448854455,868
id8467391467,868
id6375384099,869
id1826459340,869
id2070353265,870
id6086922628,870
id1998186357,871
id4588022422,871
id1081673663,872
id0612847158,872
id6816641750,873
id1035097619,873
id6213707639,874
id4620772898,874
id6774396573,875
id8674172696,875
id2455207246,876
id8153544456,876
id2793487686,877
id2606247405,877
id3163354867,878
id6713236094,878
id2645877993,879
id6963560806,879
id3118380699,880
id3914943265,880
id6517694232,881
id3709296876,881
id3594054155,882
id3420167761,882
id3881409471,883
id9024857699,883
id9779666522,884
id8159838959,884
id8052769929,885
id9054456552,885
id2050896188,886
id7590771788,886
id5029631031,887
id8376665206,887
id3051329247,888
id7993120631,888
id1172775029,889
id8964389232,889
id7656225496,890
id0700529293,890
id5563376220,891
id5370922641,891
id3154437524,892
id4995170674,892
id3515225652,893
id8978550701,893
id8313470192,894
id8809728690,894
id8373721441,895
id4591013081,895
id5797542397,896
id7591074291,896
id6354016582,897
id4188027117,897
id8975623805,898
id9930546736,898
id2971454810,899
id5662332477,899
id3137425058,900
id9849323667,900
id1792861605,901
id1530352515,901
id1174318578,902
id5841245983,902
id4891069005,903
id0903687908,903
id3502450824,904
id2454372903,904
id8994372639,905
id7428964610,905
id0405952047,906
id0332120569,906
id6466899942,907
id7274237253,907
id8032325676,908
id5102570572,908
id5329260788,909
id7958261691,909
id2904873207,910
id9382627569,910
id8606578968,911
id8149784955,911
id9276665973,912
id9613453842,912
id0068764568,913
id1648907989,913
id2788947373,914
id3257654191,914
id7910321118,915
id0972559924,915
id2380040653,916
id8660012197,916
id9123461906,917
id3449798905,917
id0735879657,918
id6529202685,918
id5303650192,919
id4397466648,919
id1187942507,920
id0031953885,920
id8669491877,921
id3337753273,921
id2534583577,922
id0536107808,922
id7175702418,923
id7940389707,923
id8939503925,924
id1891869695,924
id5123907660,925
id3907777830,925
id4146911811,926
id2307554611,926
id3695075880,927
id1662032038,927
id0359554670,928
id3067899692,928
id7550790112,929
id6035456200,929
id0016015396,930
id4212918380,930
id2302870732,931
id5742314737,931
id7356039876,932
id5447071876,932
id8132066366,933
id0279123120,933
id4178025789,934
id3204134766,934
id0256691337,935
id7010696277,935
id3971780991,936
id8174059825,936
id2187905891,937
id4397220172,937
id1535329933,938
id4134672588,938
id4255321434,939
id8891093316,939
id6372229011,940
id5278974957,940
id2026415285,941
id0127157233,941
id1462106832,942
id7939538725,942
id9940672199,943
id8794959337,943
id7243299307,944
id2410575865,944
id4487311489,945
id2898710678,945
id0256167659,946
id0343007453,946
id8360438177,947
id2312222599,947
id3256583873,948
id8220202194,948
id9192707184,949
id0777866732,949
id7834280010,950
id0649508336,950
id1094243201,951
id6342801544,951
id0411638333,952
id3816912958,952
id2772450818,953
id3810216515,953
id1128074975,954
id2486805735,954
id0617985550,955
id8647072056,955
id4624724226,956
id3261799954,956
id0828565595,957
id1018856473,957
id1337683828,958
id0518329232,958
id4638694795,959
id0159050257,959
id6955912586,960
id3922925609,960
id6576775387,961
id6026222218,961
id1036293520,962
id3652109527,962
id5617456820,963
id0777140705,963
id4440521956,964
id2598850665,964
id8787638908,965
id1886032927,965
id3795887239,966
id0309647183,966
id6034656349,967
id5046972159,967
id1537967961,968
id0554439484,968
id0650145039,969
id4956719078,969
id0017219815,970
id4410661193,970
id8100616769,971
id9456595746,971
id4600364951,972
id7468025052,972
id9754327673,973
id5634717232,973
id0501721039,974
id7214885021,974
id9903509702,975
id8304045268,975
id7777739241,976
id3613424364,976
id6268909610,977
id9508886896,977
id3182890631,978
id6481842085,978
id8229065566,979
id1739192780,979
id5488475299,980
id7125454926,980
id1339466472,981
id2704953039,981
id5563043619,982
id0230285245,982
id4616072355,983
id5367009597,983
id3703923260,984
id3911767127,984
id6287504352,985
id0258840582,985
id2236534980,986
id4212820872,986
id4684139279,987
id1636908531,987
id3282882814,988
id3437586083,988
id7284837844,989
id5309130352,989
id6597260177,990
id3771182501,990
id6379346217,991
id2550690420,991
id2670223373,992
id8296161811,992
id5477272806,993
id3864133541,993
id5083845728,994
id0532153347,994
id0029731837,995
id7179016244,995
id3624645914,996
id1183076486,996
id4551432138,997
id2433839509,997
id6632494946,998
id6330597607,998
id9024982681,999
id3151495981,999
id8442787641,1000
id0319348670,1000
id8048339890,1001
id6246367070,1001
id7413878787,1002
id5331552149,1002
id9428723036,1003
id7024972911,1003
id2761811262,1004
id3742170742,1004
id5294820990,1005
id2723480868,1005
id1236001447,1006
id3407642336,1006
id1658897388,1007
id4105748926,1007
id3914640816,1008
id0732079971,1008
id5177359325,1009
id6586874639,1009
id5199391763,1010
id4244054345,1010
id9926446420,1011
id2897147121,1011
id2141770419,1012
id0969711915,1012
id9084549482,1013
id0687531474,1013
id7680948201,1014
id7368602177,1014
id3458257954,1015
id2696215043,1015
id7101998838,1016
id5896802351,1016
id2021403309,1017
id4779679612,1017
id5066723439,1018
id3591480043,1018
id7007168209,1019
id0307457632,1019
id0323513964,1020
id3294564810,1020
id4592299154,1021
id5693431734,1021
id4519624848,1022
id7088275619,1022
id2460069990,1023
id4177083788,1023
id0823543589,1024
id4883204638,1024
id2392062959,1025
id9578461098,1025
id8311674540,1026
id6477234389,1026
id0842861001,1027
id2773421888,1027
id1982082084,1028
id3933076408,1028
id3878057640,1029
id3422275513,1029
id0106225332,1030
id7471774745,1030
id0840271286,1031
id5135095673,1031
id9853692658,1032
id5703241007,1032
id5363111389,1033
id6821504202,1033
id9684378037,1034
id9205231015,1034
id3561055973,1035
id6031884531,1035
id8128800248,1036
id9148554963,1036
id7127810654,1037
id1365926100,1037
id8142678656,1038
id4289934255,1038
id8232608595,1039
id4077421758,1039
id9771949768,1040
id8098909429,1040
id3379850198,1041
id5443368857,1041
id4841374167,1042
id1755437307,1042
id0764794797,1043
id4677491594,1043
id1232068698,1044
id7225476908,1044
id8649345877,1045
id0885578492,1045
id4031596809,1046
id2096858666,1046
id6720841054,1047
id4867648301,1047
id7683828536,1048
id4774392028,1048
id0094105595,1049
id1406232510,1049
id4856543079,1050
id6154226136,1050
id3082928381,1051
id9195398435,1051
id9516066073,1052
id0305729393,1052
id2084724610,1053
id4237042654,1053
id3551887045,1054
id7777332386,1054
id4697854420,1055
id0666350631,1055
id4935732857,1056
id7373492496,1056
id6390365104,1057
id8176777584,1057
id6532274292,1058
id2448434283,1058
id0440666902,1059
id5423204053,1059
id7269179250,1060
id0355556058,1060
id0223398563,1061
id3274102344,1061
id7984415689,1062
id7281208567,1062
id2412472953,1063
id6231632358,1063
id5313831266,1064
id3055361745,1064
id5334707686,1065
id1973619973,1065
id5336484720,1066
id1023212352,1066
id4979394599,1067
id8011137903,1067
id4830686192,1068
id0753692157,1068
id7235054459,1069
id0793051891,1069
id7973111208,1070
id6986139038,1070
id6391340603,1071
id9798206471,1071
id5568927675,1072
id6550042614,1072
id1085108950,1073
id8896792872,1073
id2819501076,1074
id3289404024,1074
id6187872904,1075
id5830514413,1075
id9669820278,1076
id7071154634,1076
id5872924722,1077
id5920808565,1077
id2328409080,1078
id5508064996,1078
id5936023386,1079
id5633963982,1079
id8840463521,1080
id8725295663,1080
id7610931129,1081
id1729518564,1081
id9034896732,1082
id5902750264,1082
id5740147051,1083
id6851750524,1083
id1444711042,1084
id6343669273,1084
id8566556635,1085
id7374706922,1085
id0344652570,1086
id5799140220,1086
id1461600064,1087
id9741208714,1087
id1613746169,1088
id4144584423,1088
id9002584966,1089
id2254139967,1089
id1389018976,1090
id2158543227,1090
id2816575628,1091
id2294247188,1091
id8610450164,1092
id5634555153,1092
id7389428132,1093
id7161520696,1093
id9739288185,1094
id6416987926,1094
id2658299208,1095
id2174389616,1095
id7281425361,1096
id9962818822,1096
id9380608358,1097
id8191851886,1097
id4973237083,1098
id1576957302,1098
id1735246385,1099
id2766608570,1099
id9283309948,1100
id7905634286,1100
id1954216961,1101
id5794391340,1101
id5336254227,1102
id7791961938,1102
id6700799021,1103
id4828770474,1103
id2787489766,1104
id9509408275,1104
id7373826853,1105
id5352108363,1105
id8413098058,1106
id3341618803,1107
id0914241922,1108
id8249866652,1109
id2924099750,1110
id9981524639,1111
id9673540514,1112
id4317313315,1113
id5288586201,1114
id0249514967,1115
id2193674189,1116
id7049343023,1117
id9461592833,1118
id4629147330,1119
id2054731536,1120
id8094181514,1121
id6819404394,1122
id1109721994,1123
id2893964148,1124
id1074288655,1125
id6723311795,1126
id6787668012,1127
id9760266479,1128
id9679252853,1129
id3130839064,1130
id8951769162,1131
id4318209145,1132
id9479591735,1133
id3656757535,1134
id4977037980,1135
id8582830291,1136
id9077352187,1137
id7097830362,1138
id3992040823,1139
id7912673986,1140
id1281884735,1141
id2268219738,1142
id7254019207,1143
id3768552167,1144
id1082503943,1145
id8498361951,1146
id1454714431,1147
id2836410292,1148
id2448540171,1149
id7894012010,1150
id8338761201,1151
id7473966449,1152
id1396467719,1153
id9527533571,1154
id3586089406,1155
id5320522757,1156
id8739283660,1157
id4266404795,1158
id4005373981,1159
id3976123351,1160
id2238192485,1161
id6089500366,1162
id3836958712,1163
id0092524193,1164
id3471941489,1165
id9080080939,1166
id8347240349,1167
id9282530868,1168
id4212523291,1169
id3258136115,1170
id4242677308,1171
id6264226415,1172
id0987435488,1173
id6236540125,1174
id0620144697,1175
id4521580631,1176
id1272778584,1177
id3240153629,1178
id0191768764,1179
id6747574084,1180
id2981183888,1181
id8516282892,1182
id2708062985,1183
id1703392483,1184
id0309303036,1185
id2388696668,1186
id5952066820,1187
id0567139857,1188
id0548756719,1189
id4155256472,1190
id4925544219,1191
id6964236526,1192
id9069422930,1193
id5600085400,1194
id0120871368,1195
id6142118613,1196
id6293834655,1197
id0848365712,1198
id4373264549,1199
id1143700112,1200
id6203089397,1201
id6458614478,1202
id9290571574,1203
id2084714219,1204
id9637900725,1205
id8358768745,1206
id8238110239,1207
id7832069397,1208
id3936888942,1209
id2283093179,1210
id4637686864,1211
id1308335123,1212
id7528591716,1213
id6265038835,1214
id7719609089,1215
id7576230407,1216
id7793825730,1217
id6815922468,1218
id9095571934,1219
id2006646787,1220
id3585980695,1221
id3777515999,1222
id0716289816,1223
id0588493962,1224
id4002686983,1225
id0549397465,1226
id5215607114,1227
id7391568073,1228
id0445206495,1229
id3615112271,1230
id7118568662,1231
id1713691994,1232
id4505225362,1233
id2005020757,1234
id0410917905,1235
id2926344120,1236
id8864604473,1237
id3137287261,1238
id5456091086,1239
id4163654649,1240
id8826152191,1241
id2049155236,1242
id6130755845,1243
id8724190853,1244
id2929765062,1245
id9214305271,1246
id2600280418,1247
id0699195617,1248
id9645553539,1249
id1567655753,1250
id9264269911,1251
id1700681954,1252
id9954005006,1253
id3637999999,1254
id9682343769,1255
id7886303914,1256
id0428363086,1257
id3369806220,1258
id4988179252,1259
id3083896893,1260
id8478868760,1261
id0359084363,1262
id1362477171,1263
id4190648791,1264
id8409375658,1265
id2098036749,1266
id0080343422,1267
id2507353690,1268
id8782678719,1269
id5208065773,1270
id5202584233,1271
id9240604570,1272
id1140662470,1273
id4717929941,1274
id4023112572,1275
id7284710871,1276
id7748922609,1277
id9200704315,1278
id6777441801,1279
id7921871536,1280
id0831347089,1281
id7476090461,1282
id4300232589,1283
id4940293902,1284
id8884919931,1285
id1052984467,1286
id8319173066,1287
id6189612624,1288
id9390895886,1289
id2612915155,1290
id1638753160,1291
id5936427899,1292
id7608463271,1293
id7410803940,1294
id5494368619,1295
id0978865000,1296
id6978472238,1297
id7472087469,1298
id2821579114,1299
id1391122769,1300
id2150207385,1301
id5017660357,1302
id3436565941,1303
id0408474063,1304
id7149166392,1305
id8135761907,1306
id3188051207,1307
id1120940556,1308
id9244072442,1309
id0569254787,1310
id4403219405,1311
id9371684589,1312
id4848993546,1313
id5056585181,1314
id0215573915,1315
id4968692187,1316
id5454329401,1317
id8426665633,1318
id9071670134,1319
id4922924008,1320
id7441246308,1321
id8637963996,1322
id0489950359,1323
id3730244150,1324
id9691731869,1325
id4330883581,1326
id5725758645,1327
id2877296246,1328
id4985699032,1329
id0738942520,1330
id9382451766,1331
id0587223466,1332
id2601188630,1333
id4323746587,1334
id7281314510,1335
id6055200407,1336
id6009760367,1337
id3162145409,1338
id0776069202,1339
id6914995724,1340
id1033566529,1341
id9475422238,1342
id7847670683,1343
id7602379916,1344
id4984648408,1345
id7347135265,1346
id4000987703,1347
id6313833820,1348
id4474590762,1349
id8185653556,1350
id7936735853,1351
id8705714718,1352
id1626958830,1353
id1253651997,1354
id3042207847,1355
id8826013969,1356
id7151661616,1357
id6457548950,1358
id1084040820,1359
id4556469705,1360
id3637426651,1361
id1056724185,1362
id4671392351,1363
id2508273336,1364
id2431557229,1365
id8626957421,1366
id8483132310,1367
id8366191529,1368
id5960498516,1369
id6748193234,1370
id6893617376,1371
id6651907351,1372
id4200344852,1373
id4784133345,1374
id3172921165,1375
id1697518896,1376
id8773518676,1377
id4524882393,1378
id1303248549,1379
id5863917560,1380
id7383959040,1381
id3295016568,1382
id6438561214,1383
id2271726315,1384
id8456688633,1385
id1660573467,1386
id7775312189,1387
id6822005068,1388
id8944290860,1389
id7798813347,1390
id2448680700,1391
id4424499083,1392
id1370569799,1393
id5762634752,1394
id3586223259,1395
id6958104977,1396
id3438125383,1397
id0873539683,1398
id9659073647,1399
id4696637855,1400
id1280415110,1401
id5434391457,1402
id4060999047,1403
id9449108835,1404
id7566934915,1405
id9916726491,1406
id3677241349,1407
id3943841806,1408
id5358949542,1409
id6480569879,1410
id2698925172,1411
id7689872547,1412
id1834959429,1413
id7353561351,1414
id5611363695,1415
id8752583973,1416
id7543132520,1417
id1297776257,1418
id1859103053,1419
id7635111653,1420
id6309528281,1421
id7224946879,1422
id0087780184,1423
id1226537221,1424
id8304542234,1425
id5586803864,1426
id3542553651,1427
id3430070700,1428
id0124551655,1429
id5371866696,1430
id3240881732,1431
id8725673880,1432
id7092206584,1433
id8969799952,1434
id0236181276,1435
id6287885714,1436
id7343593787,1437
id3910889254,1438
id4962024951,1439
id5414331183,1440
id5828176453,1441
id1450764886,1442
id1065262544,1443
id7974703421,1444
id0597389295,1445
id5046807445,1446
id5284974040,1447
id0829048219,1448
id8384334221,1449
id7622293260,1450
id2147653438,1451
id5306059804,1452
id9800002770,1453
id8059437272,1454
id2880285084,1455
id0565624096,1456
id3205183300,1457
id8410920583,1458
id5420011746,1459
id3903627548,1460
id6201043988,1461
id5886600433,1462
id5984498983,1463
id2538170968,1464
id6329194373,1465
id0616692583,1466
id3990405716,1467
id7964335533,1468
id4960054377,1469
id0763528435,1470
id5254883581,1471
id6824551886,1472
id1834309673,1473
id3492356051,1474
id2380857169,1475
id9464076465,1476
id9676854210,1477
id5829441295,1478
id9445506373,1479
id2040433557,1480
id6647865613,1481
id2162974546,1482
id2881748434,1483
id1732777748,1484
id1157505974,1485
id5713071167,1486
id1367012170,1487
id8489787111,1488
id4114456634,1489
id7704085391,1490
id5318209194,1491
id9756821330,1492
id8936739447,1493
id4456400631,1494
id7725993718,1495
id6851149011,1496
id5892808615,1497
id9962640986,1498
id4849276802,1499
id2696096555,1500
id1160852338,1501
id1902081227,1502
id2460822586,1503
id6587177043,1504
id8338206723,1505
id9561988074,1506
id4637057952,1507
id4933621559,1508
id8036213058,1509
id0682517282,1510
id2445181258,1511
id1355840519,1512
id3081271512,1513
id9706901896,1514
id5292572471,1515
id0743920580,1516
id6809217289,1517
id9846384164,1518
id1879132042,1519
id3274635047,1520
id6030012387,1521
id9668482144,1522
id9573644925,1523
id5514474607,1524
id0022935148,1525
id3480646971,1526
id7665619134,1527
id0867983955,1528
id1590712055,1529
id6741921869,1530
id2117567050,1531
id3643969325,1532
id9357441289,1533
id7009159883,1534
id0488936386,1535
id2673141175,1536
id4461902954,1537
id5641973784,1538
id6247843709,1539
id2043346858,1540
id2590387478,1541
id7103753321,1542
id8934363499,1543
id9501084409,1544
id9663565248,1545
id8221976969,1546
id8332166793,1547
id6466820110,1548
id2209068904,1549
id9833337159,1550
id5695113665,1551
id7376709116,1552
id3418261109,1553
id9730035765,1554
id7500811052,1555
id2131564197,1556
id2554723928,1557
id0215563831,1558
id4772116674,1559
id7141410301,1560
id3967303048,1561
id5372628016,1562
id7179932076,1563
id1418977155,1564
id4069261845,1565
id1049061723,1566
id9040126600,1567
id1288372416,1568
id5858648260,1569
id3600915171,1570
id1417796032,1571
id6374647691,1572
id8555037657,1573
id6532113028,1574
id3617165693,1575
id9042941351,1576
id1732219980,1577
id9451015340,1578
id8164594030,1579
id1551450420,1580
id2928428943,1581
id8679920473,1582
id1156314137,1583
id2568755573,1584
id7198700451,1585
id2737518054,1586
id4267864192,1587
id2849496282,1588
id1896661317,1589
id2648719423,1590
id9576183179,1591
id4710035767,1592
id5550833171,1593
id4095403837,1594
id6113495279,1595
id0757887419,1596
id8624034449,1597
id7081412508,1598
id8822856563,1599
id1666887317,1600
id8916385294,1601
id4705191613,1602
id6788859545,1603
id5224597947,1604
id0820817785,1605
id4282740159,1606
id6215530265,1607
id8386317028,1608
id9718019590,1609
id3620307713,1610
id4875714116,1611
id3844759073,1612
id4338502590,1613
id8151419702,1614
id4154080645,1615
id7772967961,1616
id4105275105,1617
id3293984022,1618
id4347262701,1619
id8715897572,1620
id1456052269,1621
id8912291973,1622
id7385833412,1623
id1177444887,1624
id5558275282,1625
id3956018708,1626
id4679262992,1627
id2824818831,1628
id3395254532,1629
id1426065630,1630
id0860970077,1631
id2764110249,1632
id8050477332,1633
id5369983288,1634
id5200703989,1635
id8035265190,1636
id1679969813,1637
id5792505754,1638
id1072287733,1639
id9781229128,1640
id0382526129,1641
id2524210531,1642
id3156587525,1643
id1066196128,1644
id8219449370,1645
id5472234679,1646
id4482828938,1647
id2603546525,1648
id3550283329,1649
id6191449709,1650
id8755223161,1651
id0351923892,1652
id4921597628,1653
id9662199364,1654
id8595728062,1655
id7878458004,1656
id4112401220,1657
id9131309433,1658
id4527359683,1659
id0735020133,1660
id3709774467,1661
id8237561705,1662
id0937116923,1663
id1802408948,1664
id3446995869,1665
id4551709518,1666
id3773115532,1667
id3853098605,1668
id5855143434,1669
id5583098482,1670
id7099631730,1671
id9802697777,1672
id3480388988,1673
id7067541470,1674
id1306904086,1675
id0054205730,1676
id9903350478,1677
id4545963414,1678
id9004806862,1679
id1505644195,1680
id4762288102,1681
id2597694507,1682
id7014358172,1683
id1683792904,1684
id9184032536,1685
id0746132911,1686
id1669647193,1687
id4921932680,1688
id5279792170,1689
id7825842745,1690
id3850626365,1691
id7104533786,1692
id6225303210,1693
id2104575677,1694
id9383922485,1695
id1283495406,1696
id4618043787,1697
id7525004058,1698
id9957532133,1699
id2282153286,1700
id0704954368,1701
id5914804238,1702
id0435908922,1703
id3623813468,1704
id6127139373,1705
id4216669603,1706
id6303243007,1707
id4983367735,1708
id3478536072,1709
id6556445564,1710
id6691108973,1711
id7677737273,1712
id1503514842,1713
id7835335098,1714
id6587116694,1715
id4393347386,1716
id9928731105,1717
id6987390762,1718
id7559654831,1719
id3991968218,1720
id5060930333,1721
id6176035085,1722
id5904162325,1723
id5210385723,1724
id4458426898,1725
id1816139559,1726
id3252385182,1727
id5300951505,1728
id7802679403,1729
id4578118213,1730
id0763638814,1731
id0990660380,1732
id0950772437,1733
id4196686295,1734
id2574946857,1735
id5259858064,1736
id5813473894,1737
id5346379407,1738
id7384149996,1739
id9258260489,1740
id6124354166,1741
id4281345010,1742
id2709542884,1743
id0158043064,1744
id4253833475,1745
id0871124649,1746
id8348695596,1747
id2699963511,1748
id5439423665,1749
id4017282056,1750
id3855701893,1751
id0881902770,1752
id6674254283,1753
id8202131299,1754
id9464082360,1755
id3807092162,1756
id1130949540,1757
id9107811135,1758
id3355301318,1759
id5397909277,1760
id1183423831,1761
id7303466370,1762
id9808105866,1763
id0342598120,1764
id3660395673,1765
id0146827299,1766
id6794797847,1767
id8548598519,1768
id0659532725,1769
id5064326789,1770
id7426076495,1771
id3634773972,1772
id4986014131,1773
id1080466787,1774
id0150262477,1775
id2911171298,1776
id4315791760,1777
id8321986945,1778
id0811702717,1779
id6118930087,1780
id1227470455,1781
id8748232611,1782
id1531991152,1783
id4386750030,1784
id9694644843,1785
id7215144023,1786
id1201383601,1787
id6487829729,1788
id0199906515,1789
id2513987627,1790
id2911753402,1791
id6115640393,1792
id4647323413,1793
id8611119725,1794
id7220683097,1795
id4779177891,1796
id4728152683,1797
id0232356936,1798
id3447162037,1799
id9090750263,1800
id0489569321,1801
id8255769953,1802
id7435693803,1803
id0926965940,1804
id3578341237,1805
id3135268400,1806
id5934629491,1807
id5126117278,1808
id2135813651,1809
id1351399525,1810
id0086509814,1811
id9857224173,1812
id8738519387,1813
id1211217707,1814
id5047903904,1815
id0248998725,1816
id1487961271,1817
id1013665828,1818
id4219439325,1819
id5550273678,1820
id7757388654,1821
id6449552214,1822
id2650804090,1823
id5797892523,1824
id1108913394,1825
id9500518746,1826
id3717754271,1827
id2313060796,1828
id0573010138,1829
id4741775166,1830
id1885375356,1831
id1134229605,1832
id5049176896,1833
id2312061459,1834
id6692863793,1835
id0765348243,1836
id8076101413,1837
id3070119277,1838
id2668890636,1839
id5999229081,1840
id2228909412,1841
id4401774928,1842
id2807918394,1843
id9729375912,1844
id5059174964,1845
id6113854873,1846
id8174496765,1847
id6401704999,1848
id8592084933,1849
id2860085060,1850
id6678208192,1851
id4114686037,1852
id5781854872,1853
id4029677321,1854
id0078236013,1855
id9862692022,1856
id7629427421,1857
id6339627349,1858
id7068961708,1859
id6486841665,1860
id1584893930,1861
id3855517934,1862
id4478304334,1863
id6223744805,1864
id4287668970,1865
id5415155456,1866
id8789621791,1867
id9967852524,1868
id3537173165,1869
id0205637119,1870
id6622543167,1871
id0002428596,1872
id0931314748,1873
id6320187910,1874
id4274336556,1875
id9934623722,1876
id5836762851,1877
id5930239284,1878
id9135192419,1879
id5118201115,1880
id1301033594,1881
id1011923351,1882
id0860242344,1883
id0646019677,1884
id6241379814,1885
id8711328580,1886
id6021684872,1887
id4579148201,1888
id5248740103,1889
id5874806171,1890
id1024055234,1891
id9621787106,1892
id6766194814,1893
id6685570107,1894
id2671678663,1895
id7834683481,1896
id7098213428,1897
id8432035628,1898
id6438966050,1899
id4935736225,1900
id2066032880,1901
id4309831008,1902
id6939927478,1903
id8667087455,1904
id8445386446,1905
id8876569691,1906
id8490001182,1907
id2253362740,1908
id0840448044,1909
id9781448801,1910
id1748597032,1911
id6791644838,1912
id1670378553,1913
id5487350134,1914
id0129289317,1915
id2903859451,1916
id2126223063,1917
id4799249709,1918
id2786992522,1919
id0507662263,1920
id4411453546,1921
id9772972226,1922
id5536477921,1923
id2961401004,1924
id6635622393,1925
id7657722116,1926
id9055600857,1927
id2311612582,1928
id8034217335,1929
id1888650531,1930
id2993070290,1931
id9701041069,1932
id0773012878,1933
id8254733995,1934
id6087335571,1935
id5353032181,1936
id3208851915,1937
id0066566671,1938
id7874464790,1939
id2920597960,1940
id8227701478,1941
id6795755403,1942
id1800510122,1943
id8462784834,1944
id6805226197,1945
id1436835194,1946
id2117606641,1947
id8046758280,1948
id9632939310,1949
id5428671972,1950
id5033089885,1951
id7193576538,1952
id1105468279,1953
id5845009026,1954
id4696358782,1955
id3679998258,1956
id8447894809,1957
id3952233670,1958
id9889217222,1959
id2962161541,1960
id7681998914,1961
id4425485252,1962
id2717788735,1963
id8277287234,1964
id7092720413,1965
id6470891796,1966
id0853823707,1967
id1672841975,1968
id7894242379,1969
id0192197656,1970
id6100809363,1971
id9584894828,1972
id2899761887,1973
id8948323223,1974
id1796908836,1975
id1673165534,1976
id5490864617,1977
id6386254432,1978
id6061056142,1979
id9501059316,1980
id4087377466,1981
id1214682080,1982
id8382146574,1983
id3983623773,1984
id3559280486,1985
id1713026279,1986
id2230903118,1987
id0120245022,1988
id3907021150,1989
id1713671389,1990
id9011528978,1991
id0442125707,1992
id5123032558,1993
id4488921198,1994
id0544576901,1995
id3951776489,1996
id0038922539,1997
id5909090829,1998
id5981190673,1999
id2957586800,2000
id4251673907,2001
id1045441886,2002
id5373482586,2003
id1084626771,2004
id2819745522,2005
id9902090387,2006
id6234993592,2007
id8507747653,2008
id4440443907,2009
id0493223051,2010
id9056710038,2011
id7999149369,2012
id4253254488,2013
id1318633486,2014
id5266757834,2015
id3061845445,2016
id0569990320,2017
id0801698537,2018
id1345570584,2019
id7574997065,2020
id6669229396,2021
id2522170499,2022
id5412027425,2023
id0752119369,2024
id2898019791,2025
id3336940328,2026
id8105373873,2027
id9526346067,2028
id3554701339,2029
id1388709771,2030
id2627720249,2031
id1280192237,2032
id8852723876,2033
id5528010989,2034
id5404655090,2035
id0066722255,2036
id0975190778,2037
id5747868065,2038
id5530447531,2039
id1619667515,2040
id2094983981,2041
id4602833504,2042
id5782282542,2043
id2606216242,2044
id8781328871,2045
id9003519745,2046
id8817820852,2047
id9808610599,2048
id5284915752,2049
id1191457949,2050
id9767786896,2051
id6287751338,2052
id7840425274,2053
id6418868919,2054
id6345758911,2055
id4836091191,2056
id8639254956,2057
id0571801709,2058
id8200652966,2059
id0299299364,2060
id3164222107,2061
id4504125835,2062
id4631815153,2063
id2863764421,2064
id2667475254,2065
id1254463295,2066
id2906402663,2067
id4092764865,2068
id0890929528,2069
id4457081311,2070
id2755429754,2071
id9197833952,2072
id8139016981,2073
id5885639593,2074
id3324042387,2075
id3964466858,2076
id5870758073,2077
id5361211784,2078
id0215294004,2079
id1555008701,2080
id9397610129,2081
id7813630522,2082
id9476149531,2083
id0962829755,2084
id1966857964,2085
id8944294461,2086
id0436727208,2087
id9936192736,2088
id2712379538,2089
id5222781853,2090
id0102019364,2091
id9352602787,2092
id5236638686,2093
id7185590551,2094
id4977016491,2095
id6813887196,2096
id7548451215,2097
id0739478317,2098
id9978146661,2099
id5004903111,2100
id1218712300,2101
id9962576821,2102
id0412181182,2103
id1585789628,2104
id8380733908,2105
id3040492652,2106
id8995528911,2107
id8780798515,2108
id1835821556,2109
id4965999921,2110
id3264672468,2111
id1769113056,2112
id2945912517,2113
id2969870596,2114
id1688468719,2115
id6189602684,2116
id2071384748,2117
id9599526564,2118
id6097584581,2119
id0174320646,2120
id9637201936,2121
id4698281466,2122
id1586857764,2123
id1092762536,2124
id9385935491,2125
id4749989286,2126
id3239030930,2127
id3950240258,2128
id3399188713,2129
id9075195033,2130
id9807072904,2131
id6872859787,2132
id2332963876,2133
id7124705277,2134
id9743935964,2135
id2047336070,2136
id6454593794,2137
id2812994030,2138
id9131893101,2139
id4034089523,2140
id1469437828,2141
id4273969781,2142
id4739708953,2143
id5344013150,2144
id4563260130,2145
id0776509135,2146
id5440843923,2147
id1965963364,2148
id0181334938,2149
id8103515903,2150
id8905598369,2151
id2217213136,2152
id7096735908,2153
id3841474754,2154
id1688366891,2155
id5245589859,2156
id6809810906,2157
id5197784016,2158
id9223519499,2159
id9127778048,2160
id7967297950,2161
id3770418830,2162
id3062151090,2163
id8563891629,2164
id1963612235,2165
id5865826053,2166
id5461659217,2167
id3982739222,2168
id5226097644,2169
id9340768193,2170
id8194118773,2171
id6935204813,2172
id6998966743,2173
id3499680027,2174
id6136714734,2175
id0320554577,2176
id1717267072,2177
id8103022884,2178
id2345293137,2179
id1062267412,2180
id2781208925,2181
id0649556560,2182
id9670576715,2183
id6985102310,2184
id4385291753,2185
id1618634404,2186
id5772739909,2187
id8177099869,2188
id2144267642,2189
id3351073922,2190
id7899040165,2191
id5824292475,2192
id9197120159,2193
id9765035981,2194
id8805853098,2195
id2490924349,2196
id5703993669,2197
id6626558060,2198
id7370896319,2199
id7624258964,2200
id4740366292,2201
id3019589355,2202
id4195315232,2203
id4897730876,2204
id8076605902,2205
id4350087152,2206
id8042795028,2207
id4244272788,2208
id9911045374,2209
id1382222767,2210
id3191922648,2211
id3587721133,2212
id2740653401,2213
id6299826228,2214
id5303145419,2215
id2941388031,2216
id9192367625,2217
id0056085022,2218
id5944196029,2219
id5693070905,2220
id4897797599,2221
id4622934833,2222
id2265815346,2223
id1586921036,2224
id3673203803,2225
id8156670267,2226
id5747410583,2227
id7280440160,2228
id4390467503,2229
id6396926993,2230
id6879660356,2231
id2649473426,2232
id7664999853,2233
id2018244675,2234
id3271249666,2235
id1333298096,2236
id7542117117,2237
id7255822758,2238
id5169417125,2239
id0678147316,2240
id3595137268,2241
id5219537131,2242
id7616171104,2243
id5407622594,2244
id8768114678,2245
id5451147796,2246
id4762746650,2247
id6364246454,2248
id6942365983,2249
id8838164944,2250
id8323497460,2251
id3523188350,2252
id5752402314,2253
id5670723936,2254
id0282553113,2255
id9359774271,2256
id5923313432,2257
id7319156174,2258
id5847688692,2259
id1710315318,2260
id3713664591,2261
id0873900837,2262
id7102182130,2263
id5511352691,2264
id0287135121,2265
id2515678846,2266
id2320338594,2267
id0941355403,2268
id6760184776,2269
id0846273810,2270
id8436896613,2271
id6695964726,2272
id4579858442,2273
id9459677027,2274
id8973550946,2275
id2539780834,2276
id0073312877,2277
id7676579482,2278
id3347631460,2279
id8540599388,2280
id0016304624,2281
id9277809665,2282
id2488816582,2283
id0954528535,2284
id3251625334,2285
id7186518419,2286
id9597199740,2287
id3666662785,2288
id8633453290,2289
id4337424379,2290
id1623972956,2291
id2111673534,2292
id9099300245,2293
id6987024808,2294
id8680668190,2295
id3784899934,2296
id2917656247,2297
id6380111996,2298
id1885038913,2299
id1339701658,2300
id2022895359,2301
id3511462340,2302
id6507207304,2303
id3525582236,2304
id9245277459,2305
id0605034758,2306
id6660374993,2307
id4932935753,2308
id7181796603,2309
id9566190935,2310
id9818443562,2311
id8958231852,2312
id9699031834,2313
id8791739379,2314
id5068483032,2315
id8004297682,2316
id5449343034,2317
id4137529269,2318
id8080748996,2319
id1289734295,2320
id7152454677,2321
id6703313542,2322
id0154022259,2323
id4933800686,2324
id3859388352,2325
id3895023088,2326
id3772776251,2327
id2765311030,2328
id2634080032,2329
id6569614526,2330
id6101576210,2331
id2891037506,2332
id9514624053,2333
id1242627417,2334
id0590874393,2335
id6230261231,2336
id3285802560,2337
id9991852075,2338
id9081210185,2339
id9853008742,2340
id1478426277,2341
id7821634853,2342
id1932848695,2343
id6278916415,2344
id1515423240,2345
id1569335898,2346
id6251718153,2347
id2410808228,2348
id6200792230,2349
id8334762327,2350
id3430730668,2351
id4571287162,2352
id1172070752,2353
id3835744827,2354
id1543531697,2355
id6522358741,2356
id2802519793,2357
id5403900824,2358
id3362370685,2359
id0399397890,2360
id9853056521,2361
id1951489132,2362
id8027776723,2363
id1983644633,2364
id6051237690,2365
id5292469969,2366
id1334996566,2367
id6007112670,2368
id9503073110,2369
id8288212951,2370
id8501534246,2371
id2745437818,2372
id8391222052,2373
id2608090048,2374
id4227277821,2375
id2225879975,2376
id4672793999,2377
id2818805287,2378
id0494057374,2379
id4491784971,2380
id8849448440,2381
id8565526532,2382
id6687560284,2383
id2916457582,2384
id8312791846,2385
id8945835318,2386
id8522779918,2387
id2012769314,2388
id0138589907,2389
id9857478745,2390
id2410406689,2391
id0567668892,2392
id6214391112,2393
id8147884167,2394
id1303416854,2395
id3776957414,2396
id0664274664,2397
id5740470328,2398
id4009817676,2399
id9587197316,2400
id7284051345,2401
id5299750660,2402
id5091179682,2403
id7165730221,2404
id9411329807,2405
id7197092285,2406
id2103949092,2407
id9806365846,2408
id4159393248,2409
id5436814570,2410
id2873064750,2411
id0711324184,2412
id5445842596,2413
id3484821282,2414
id3619873684,2415
id2346291840,2416
id1545807745,2417
id6465941000,2418
id3330181799,2419
id2627579779,2420
id4985403499,2421
id3861609031,2422
id9818144438,2423
id1351609124,2424
id5472781448,2425
id1381884990,2426
id6822267738,2427
id4858740902,2428
id9420837009,2429
id7083696749,2430
id2320374334,2431
id0839254635,2432
id6843205573,2433
id5101198863,2434
id5206266788,2435
id3995538000,2436
id2373628006,2437
id1583530032,2438
id7426566581,2439
id3081585224,2440
id0306893701,2441
id3960828438,2442
id2500283271,2443
id4148607224,2444
id3020687392,2445
id2099903462,2446
id6461749245,2447
id0318442428,2448
id3498388688,2449
id3638014180,2450
id0071395204,2451
id8732612195,2452
id8062385863,2453
id4745654212,2454
id7418872715,2455
id9962702984,2456
id0821164534,2457
id6859239783,2458
