page_wp4u4prl,0.045414024322361204
page_hy9zocoa,0.03929403855755692
page_zjyzjn81,0.03168319647929802
page_rldt9dwc,0.03143235710080309
page_oz6v1ugx,0.029300139685596954
page_lck3ijcq,0.029118983433112436
page_45z8jv0f,0.028943261826646274
page_3au3m1d7,0.028334149032209106
page_luv5eyla,0.028231387498156877
page_sgvptie5,0.027749496010495058
page_pkap4inl,0.02709725948086856
page_f3ko6hbt,0.026453128139349958
page_r5834d68,0.02547589712032885
page_tgbkv9ih,0.024367194288868826
page_vkurcx47,0.023920595048175577
page_u2pd0wr8,0.023313766969986424
page_bykpct7e,0.02288908181294381
page_uk7qwqpv,0.021147631998055215
page_ipu1cb1j,0.0195049206372747
page_81lph07q,0.019017229323605764
page_i65ygvqt,0.01881151431146946
page_x9g9vfny,0.01852686800573028
page_ckm1cwde,0.01791531045750281
page_40kwk6xb,0.017530556290039356
page_6m3gvf39,0.017219324545875544
page_2vyds5cj,0.016578898200135556
page_9dctmwx9,0.016025172867608718
page_bnzp2meq,0.015197376985857668
page_ejq82p8u,0.014838415160972935
page_21fia9j5,0.014657162585663068
page_2pqnuplh,0.014618627574334736
page_zhf9om4j,0.013916384447911207
page_6y3980zk,0.013888543313946688
page_av6fgs5x,0.013863472063580849
page_ygnjd4oa,0.013325774919178957
page_g31m3ybo,0.013282573826167056
page_dtierna2,0.0123958603626849
page_rwm85cvq,0.012190231181083352
page_za4nb1w5,0.011701294105510168
page_a9ykilx4,0.011345601300317573
page_27sq9aqx,0.011299496585009032
page_jeb0czqk,0.011000984843646179
page_comudvcp,0.010840769610616774
page_ets2oeoi,0.010642417399394262
page_o851onx4,0.010564545298191726
page_gvyjchce,0.01051964301879271
page_3ri30lgg,0.01049364501345576
page_s1ns46p4,0.010150383867146638
page_b68qt0ip,0.009529635636588776
page_zfu3lm3e,0.00947022199828057
page_t4b4fz91,0.009265581470240728
page_iifim1jp,0.009191775349916088
page_r5dm3ggn,0.005566403363461342
page_rhf6w7zh,0.0045551437845175145
page_3qdmwxta,0.004413002756443109
page_lllzk5be,0.004298345240355811
page_9f9eyxry,0.00414880818711529
page_azrs3r9f,0.0035324953055631894
