PageID,NodeID,UpdatedAt,OutgoingLinks
page_eain05vc,odx96sijjsgb,1762503538,"[""page_miot68f6"", ""page_fv2wpih5"", ""page_cxeku5li""]"
page_miot68f6,w0sxkmvc8plb,1762503468,"[""page_39zj5p6e"", ""page_ob3zmgcp""]"
page_fv2wpih5,7rrwy6gacyln,1762503429,"[""page_cxeku5li"", ""page_miot68f6""]"
page_cxeku5li,6aqu2szg82x5,1762503547,"[""page_0nyccm4k"", ""page_gs03v2eg""]"
page_39zj5p6e,bycpspfzvub3,1762503545,"[""page_ywacjguo"", ""page_roxzaz8y""]"
page_ob3zmgcp,demhiz35mkcw,1762503533,"[""page_ywacjguo"", ""page_4c8elkmx"", ""page_miot68f6""]"
page_0nyccm4k,0uaoinxuvee5,1762503545,"[""page_qe3aq29i"", ""page_fv2wpih5"", ""page_miot68f6""]"
page_gs03v2eg,g59j918joum5,1762503477,"[""page_39zj5p6e"", ""page_roxzaz8y""]"
page_ywacjguo,gtpfp36iq02e,1762503544,"[""page_qe3aq29i"", ""page_0nyccm4k""]"
page_roxzaz8y,rbdre8npj7gd,1762503540,"[""page_0nyccm4k"", ""page_eain05vc"", ""page_cxeku5li"", ""page_fv2wpih5""]"
page_4c8elkmx,hu2j3o3eu80g,1762503543,"[""page_cxeku5li"", ""page_ob3zmgcp"", ""page_roxzaz8y""]"
page_qe3aq29i,zo3xmvdova6o,1762503452,"[""page_39zj5p6e"", ""page_fv2wpih5""]"
page_kzuljvop,b86ocrc5d8sp,1762952139,"[""page_yx4ne13u"", ""page_7x1rlmjt"", ""page_em7d1wxq"", ""page_z7pq930t"", ""page_78wexxfw""]"
page_yx4ne13u,e7co710we0ar,1762952146,"[""page_em7d1wxq"", ""page_7x1rlmjt"", ""page_kzuljvop""]"
page_7x1rlmjt,ci3m01v92poo,1762952131,"[""page_snhg0q9z"", ""page_pdymlutb""]"
page_em7d1wxq,m3zoz4wof8aq,1762952127,"[""page_kjigfmh5"", ""page_pdymlutb"", ""page_qth60lsb"", ""page_238dzbtz""]"
page_z7pq930t,lbwi8xt7azem,1762952131,"[""page_snhg0q9z"", ""page_em7d1wxq""]"
page_78wexxfw,98xobg06sut7,1762952141,"[""page_em7d1wxq"", ""page_tzhk5z1x"", ""page_kzuljvop"", ""page_pdymlutb"", ""page_i81zsf8z""]"
page_snhg0q9z,bhctjd18rn7z,1762952130,"[""page_yx4ne13u"", ""page_kzuljvop"", ""page_bf1lvwb5"", ""page_pdymlutb"", ""page_tzhk5z1x""]"
page_pdymlutb,vomgcpe4ww4i,1762952030,"[""page_i81zsf8z"", ""page_yx4ne13u"", ""page_238dzbtz"", ""page_bf1lvwb5""]"
page_kjigfmh5,pvws9m4no5k8,1762952143,"[""page_gd96zu7q"", ""page_z7pq930t"", ""page_i81zsf8z""]"
page_qth60lsb,all2eo1o6t2w,1762952124,"[""page_78wexxfw"", ""page_gd96zu7q"", ""page_z7pq930t""]"
page_238dzbtz,38udk0jr4b22,1762952059,"[""page_7x1rlmjt"", ""page_snhg0q9z"", ""page_i81zsf8z""]"
page_tzhk5z1x,vhdkmhi50qrb,1762952134,"[""page_pdymlutb"", ""page_gd96zu7q"", ""page_yx4ne13u"", ""page_kzuljvop"", ""page_z7pq930t""]"
page_i81zsf8z,pv9gvalhja2y,1762952089,"[""page_em7d1wxq"", ""page_pdymlutb"", ""page_kzuljvop"", ""page_snhg0q9z"", ""page_tzhk5z1x""]"
page_bf1lvwb5,sa0buq5ecm9k,1762952125,"[""page_238dzbtz"", ""page_i81zsf8z""]"
page_gd96zu7q,al2gi4wmuvm3,1762952067,"[""page_tzhk5z1x"", ""page_snhg0q9z"", ""page_78wexxfw"", ""page_pdymlutb"", ""page_i81zsf8z""]"
page_nzb0p81n,zsv7z19e7ffw,1762966159,"[""page_n3qlr3z3"", ""page_aqy6kko1"", ""page_yeg0yrgk"", ""page_102zch3d""]"
page_n3qlr3z3,hlznkh35lq44,1762966168,"[""page_nzb0p81n"", ""page_w1hb8vft"", ""page_05zv5nbn"", ""page_bj2fksf5""]"
page_aqy6kko1,52mya5gfwi9k,1762966175,"[""page_l0ag312w"", ""page_yeg0yrgk""]"
page_yeg0yrgk,3rybqa5uy20u,1762966141,"[""page_o864r4v6"", ""page_lmjlrqca"", ""page_6sikdxma""]"
page_102zch3d,2hc8tuteng1w,1762966169,"[""page_yeg0yrgk"", ""page_w1hb8vft"", ""page_6sikdxma"", ""page_o864r4v6""]"
page_w1hb8vft,psi28xr8f7vz,1762966160,"[""page_n3qlr3z3"", ""page_nzb0p81n"", ""page_fpyh0rbt"", ""page_05zv5nbn"", ""page_102zch3d""]"
page_05zv5nbn,tl3hyvkh6n2p,1762966174,"[""page_yqhcunev"", ""page_w1hb8vft"", ""page_s18dt6dr"", ""page_nzb0p81n"", ""page_lmjlrqca""]"
page_bj2fksf5,34ftlvc1yd8h,1762966163,"[""page_g9owwjua"", ""page_n3qlr3z3"", ""page_8g91r1am""]"
page_l0ag312w,wmgcc5ju1slo,1762966154,"[""page_g9owwjua"", ""page_iehokstr"", ""page_o864r4v6"", ""page_s18dt6dr""]"
page_o864r4v6,bzohd08ulmx6,1762966176,"[""page_nzb0p81n"", ""page_iehokstr"", ""page_6sikdxma"", ""page_l0ag312w"", ""page_w1hb8vft""]"
page_lmjlrqca,j47y8r0afw5b,1762966171,"[""page_w1hb8vft"", ""page_nzb0p81n"", ""page_n3qlr3z3"", ""page_s18dt6dr"", ""page_8g91r1am""]"
page_6sikdxma,ugde25h94i8j,1762966176,"[""page_s18dt6dr"", ""page_aqy6kko1"", ""page_8g91r1am"", ""page_lmjlrqca""]"
page_fpyh0rbt,tauuwr89fxeb,1762966167,"[""page_bj2fksf5"", ""page_nzb0p81n"", ""page_05zv5nbn""]"
page_yqhcunev,qn37mrx5qyny,1762966171,"[""page_w1hb8vft"", ""page_05zv5nbn"", ""page_g9owwjua"", ""page_nzb0p81n""]"
page_s18dt6dr,g9l2c5c9f3p4,1762966165,"[""page_lmjlrqca"", ""page_nzb0p81n"", ""page_05zv5nbn"", ""page_n3qlr3z3""]"
page_g9owwjua,1mvv95qetxfp,1762966162,"[""page_102zch3d"", ""page_6sikdxma"", ""page_n3qlr3z3"", ""page_w1hb8vft"", ""page_8g91r1am""]"
page_8g91r1am,aoh7qfn7yqql,1762966169,"[""page_6sikdxma"", ""page_lmjlrqca"", ""page_o864r4v6"", ""page_05zv5nbn"", ""page_bj2fksf5""]"
page_iehokstr,9g4szdr37yqj,1762966161,"[""page_s18dt6dr"", ""page_102zch3d"", ""page_o864r4v6"", ""page_w1hb8vft"", ""page_lmjlrqca""]"
