src,dst
page_eain05vc,page_miot68f6
page_eain05vc,page_fv2wpih5
page_eain05vc,page_cxeku5li
page_miot68f6,page_39zj5p6e
page_miot68f6,page_ob3zmgcp
page_fv2wpih5,page_cxeku5li
page_fv2wpih5,page_miot68f6
page_cxeku5li,page_0nyccm4k
page_cxeku5li,page_gs03v2eg
page_39zj5p6e,page_ywacjguo
page_39zj5p6e,page_roxzaz8y
page_ob3zmgcp,page_ywacjguo
page_ob3zmgcp,page_4c8elkmx
page_ob3zmgcp,page_miot68f6
page_0nyccm4k,page_qe3aq29i
page_0nyccm4k,page_fv2wpih5
page_0nyccm4k,page_miot68f6
page_gs03v2eg,page_39zj5p6e
page_gs03v2eg,page_roxzaz8y
page_ywacjguo,page_qe3aq29i
page_ywacjguo,page_0nyccm4k
page_roxzaz8y,page_0nyccm4k
page_roxzaz8y,page_eain05vc
page_roxzaz8y,page_cxeku5li
page_roxzaz8y,page_fv2wpih5
page_4c8elkmx,page_cxeku5li
page_4c8elkmx,page_ob3zmgcp
page_4c8elkmx,page_roxzaz8y
page_qe3aq29i,page_39zj5p6e
page_qe3aq29i,page_fv2wpih5
