group_id,record_ids
1,74463
2,60733;39470;56487;52361;7605
3,64831;98021
4,12416;96605;85445;85845
5,81570
6,36546
7,74668;41593;33143
8,39317;29191;42638
9,14518;11280
10,28203;5511;47949
11,18726;23207
12,19093
13,69817
14,71409;97759
15,75850;68526;10754
16,9516;91555;35391;49626;79608
17,26266;55595;55118
18,69936;15812
19,31924;46281
20,20644
21,37442;48263
22,41948;46455
23,43797
24,62094;86544;7624
25,32542
26,39008
27,13185
28,66425;29949
29,75888;95568
30,27492;36264;97201;91491;18828;26208
31,29662
32,80175;4205;24747
33,63332
34,10546
35,27866
36,9247;47668;85445;87729;99670;19755
37,30263;21564
38,51190
39,71300;18232;95474
40,38170
41,38008;3928
42,94964;14911;90250;16381;41859
43,25038;68772
44,79510;20694
45,57195;71029;73838
46,89295;76083;63275;89551;12648;41664
47,33735
48,9073;63766;34245;49840;90411
49,59755;17724;55388;15687;86200
50,9158;84358;38965
51,74638;98625
52,13466;37537
53,44764;16445
54,37675
55,5692;26200;84737;62478
56,66721;17968;1198
57,32604;57904;13126
58,2359;31225;7867;32556
59,55548
60,49132;18441;19588
61,28196;61937;76315
62,81809;37863;34984;67933
63,21275
64,95206;39042;88941;65962
65,97032;93924;97548;34953
66,29275;55135
67,13472;86924
68,58353;33153;23470;87198
69,72219;70994;24134
70,21180;11295;58780
71,77679;4805
72,1733;15094;45433
73,90544;35462;46769;92895
74,32807;22185;1559
75,11127
76,58918;7242;17801
77,34266;89808;91717;41888;64607
78,38697
79,65865;68963;49017;88437
80,81047;17837
81,17997;24158
82,37391
83,30201;74880;15611;44197
84,36171;22750
85,79226;70486;5812;15780;60057;87240
86,13180;76659
87,50773;68678;82785
88,38633
89,26663;25113
90,64482;82492;89125;77288
91,82199;57815;59698;25817
92,92976
93,24336;62429;38485;46381;89403
94,88290
95,70255
96,46644;58402
97,69618;2937
98,56185;41200
99,81162
100,18543;86933;27509
101,70858;60915;42690;26935
102,93689;58474;14893
103,85495;92843
104,22892
105,99761;30438;49785
106,10420;6171;15491;92173
107,7133
108,16321
109,65081;94408;86562;73110
110,62171;96139;10127;88757
111,28067
112,693;80674
113,10887;41386
114,28911;94931;93041
115,56262;69171
116,74083
117,20293
118,70498;71653;69463
119,31436;33435;5469;62872
120,51061
121,88350
122,5110;3404;65101;20411
123,19139;9171
124,22741;55896;79016;58222;35382;26038
125,15764;83396;23087
126,28131;48980;94575;95773;92884
127,766;12087
128,30433
129,25347;27915;51657;20649;65794
130,42046
131,98214;53869;41728;60767;48909
132,10495;35032;31827;67570;62328
133,74525
134,13593;17356;8318;1436
135,6413;26289;80769;71147;35647
136,29860;47719;81392;88794;70306
137,44378;29277;32423
138,25127
139,21419
140,35252
141,1216;41845
142,49759
143,36992;81346
144,86220;25258;31382
145,42801
146,36879;59303
147,21350;92785;36850
148,82037;6874;90473
149,52090;16022;83802;60536;28632;51384
150,2074
151,54917;61152
152,83423;5215;51589;34393
153,83801;45149;41908
154,1424;26882;31094
155,67820;37709;57095
156,7600;24240;27842;10315
157,54495
158,47693;48103;61790
159,34803
160,72109;73336;1860
161,96268;37513;99125;39327;32011
162,29534
163,57621;2160;83781;5794
164,29715;91930
165,77101;12937;13245
166,34927;81168
167,18560
168,58093;18623
169,11697;69127;76593;58426;75027
170,59914;30817;17916;24001
171,59631;5819
172,58066
173,95246;43365
174,96239
175,4708;33864;93653;82747
176,93708;12561;38655;15737
177,42566;82627;71521;2753;69050
178,71016;9297;38707
179,24534
180,55782
181,66371;78335;57355
182,45656;97755;29361;95260;69610
183,16838;78988;56880;26939
184,89009
185,18515;93815;92653;89441;21830;67238
186,13821;51423
187,7906;15602;5308;80852
188,19945
189,74888;93041;53233;14146;24441
190,85545
191,2226;9773;44434;85756;8297
192,46222;87354;91239;45245;7733
193,40875;16959;9672;35505;62286
194,31127
195,80576;90815
196,6374
197,64595;3948;91701
198,90259
199,28504
200,48230
201,21312;23803;57742
202,82521;18325;89456
203,29940;23215
204,39789
205,80028;50352;98824
206,59530
207,46782;14442;49092
208,11557
209,18835;58903
210,77803;83432;55571
211,7060;970
212,10805
213,34466
214,44460
215,70720;92200;35050;68438
216,47461;39142;38446;9870;18235
217,92740;96936;99293
218,20020;80724
219,48205;86084
220,79619;80984;82148
221,46039
222,21900;67759;74915;82973
223,80428;54302;82110
224,4983
225,49367
226,74754
227,38697
228,21905
229,51877;35733;11929;98230;60658
230,24489;77987;3171;16980
231,31967;86066;18523
232,1610
233,22517;28675
234,34885;38468
235,138;96398;72864;95295
236,25836;17842
237,90408;5703
238,47025;82550;79116;68901;25188
239,76339;50487
240,34507;81979
241,27318
242,2986;62571;99131
243,918;48563;56238
244,1248
245,66758
246,50971;69375
247,80476;20996;59467;44178;46962;67329
248,59193;71845
249,12664;39443;18490;43232;29674;86432
250,90606;19308
251,62347;44863
252,53418;24787;9347
253,74762;88875;84912;55914
254,45896;75837;41034
255,71574
256,35608;58825
257,36787;89899;4417
258,42595
259,25978
260,15756;25653;37626;38353
261,86315
262,92678;33937;75496;9833
263,17053
264,65435;77735;60486
265,95378;10231;96366;28119
266,84573;69642
267,64204
268,87608;37844;62517
269,69109;56344
270,56365
271,80197;3208;30129;5045
272,57957;55944;91057;29166
273,54500;43403;36729;85065;25794
274,19179
275,34740;69802;29284
276,93674;60069;54832;96167;75736
277,17927;71051;36845;56262;91965
278,25093;70429;40891;86666
279,81199
280,21278;99933
281,5623;67567;9201;74769
282,36102;2644;29684
283,72396;62920
284,21617;39205;31097;89838
285,12334
286,41599;91167;86565
287,45615;60891;59763;86293;86346
288,28662;86441;65283;72263;87614
289,61979
290,54247
291,67942;57566;8519;42820
292,23534;74709
293,62827
294,62472;39054;14364;94524
295,62325;69662;35305
296,66239;34746;59064;3407;88018
297,56208
298,98579;28862
299,89887;28240
300,65496;8310
301,79775;60940;85812;69335
302,83897
303,76473
304,9843;83659;236;78118
305,29842
306,4034;50137;25636
307,486;33338;67106
308,52384
309,30874;42589;76260
310,47634;51348;40693;67576;57498
311,75414
312,42888
313,68881
314,78895
315,73181;69125;4694;53466
316,76155
317,15592;91641;18677
318,77264;12822;78048
319,43675
320,90976
321,39711;91903
322,47265;64660
323,47698
324,5718;66179
325,11924;71277
326,94530;64378
327,38531;22205;44035;18355;35015
328,78827;79796;61028;83172
329,77129
330,12155
331,61517;26748;70559;97191
332,65488
333,95710;6284;36147;53285
334,51971;93336
335,72796
336,65604
337,6032
338,780
339,50547;44087;55217;33467
340,70577;21355;58034
341,51242
342,33075;62603
343,37858;785
344,50267;45595
345,51350;44154;29559;27174;47643
346,7202
347,11162;55518;842;90776;28756
348,84968;61621;11222
349,22602
350,45844
351,14066;3635;23311;13591
352,63811
353,58366
354,24954;62211
355,52744;38360;83899
356,19497
357,2200
358,92804
359,63968
360,75460;25807
361,36691;51646;82603;29756
362,69715;90475
363,32664
364,38804;8891;72630;36269
365,40336;89239;99780
366,20846;73677;79485
367,13789;80472
368,72057;92005;7076;26487;66654
369,29376
370,82620
371,83187;71734;1460;58086
372,70781;21666;3084
373,1662
374,33673;79596;79413
375,91300;70974
376,39431;57700;66988
377,79159;55586;17765;74621
378,13033;39549;25665;97218
379,90303
380,88875
381,32811;88319
382,94865;54759
383,98325
384,8673
385,231
386,15550;17804;24759;91734;76801
387,61082;23447;31190
388,96444;67674;46053;71412
389,36536
390,52256
391,16050;14653;42733
392,38498;40210;5730
393,6673;32021;66921
394,46148;78512
395,60884;54571;36650;56991
396,93954
397,50929
398,3766;7408;44774;29427;84576
399,22439;14732;78738;70342
400,16668
401,73624;42549
402,98978
403,54035;10500
404,43204
405,78782
406,85981;78037;34192
407,2354
408,61949
409,2111;55364
410,70117;56684;2661;20013;73885;77132
411,4993;1797
412,88718;44646
413,74040
414,81470
415,54813;65241
416,98308;16852;57091;22654
417,96175
418,27958;83231;8026;61352
419,1441;48521
420,34822;90293;63909
421,50359;58781;56766;40564
422,56362
423,21649;59124;54175;47637
424,52831
425,48558
426,94330;56570;95561;52632;54175;73301
427,60805
428,78569;86283;55430;67942
429,43447;73143;39565
430,32609;76126;16538;62373;65139
431,77476;66260;69051
432,21927;54920;74061;7395
433,91434;51157;47461;52838
434,37375
435,57775;42841
436,68828;76460;86696
437,58782;18272;47554;55349
438,49863
439,81990;64923;77715;57545
440,27513
441,3546;95048
442,56561;96876;18366
443,38070;60159;65698;47016
444,16827;42051;34534;84553
445,23841
446,60495
447,97722
448,45762
449,16988
450,3550
451,42393
452,60610;20534
453,57250
454,88083;76268;77058;11641
455,51796
456,78514;54393
457,6380
458,59224;26775
459,43381;77116;33088;9680
460,42809;78201;56786
461,68123;16806;27119;99310
462,58187
463,15517
464,93727;81200
465,62970
466,38074
467,39797
468,80946;77841;52393
469,17575;6211
470,98549;33422
471,63258;88303
472,25143
473,18287
474,32993
475,92939
476,81371;99434;42472;77003;29765
477,7796;54296
478,75715
479,30594;49317;1520
480,34457;71043;12634;14814;23713
481,58857;7200
482,77057;62433
483,61850;20954
484,59612
485,85086
486,6625;53442
487,22945;18809
488,35502;51848;68470;73806
489,12218;94221;81999;45122;18359
490,36667
491,73913;33003;49039;67919;7377;50362
492,13763;14084;86355;28742
493,21856
494,77991
495,10220;98408;15892;2766
496,98927
497,55131
498,75650;99607;33207;3354
499,98808
500,13929;63556
501,32742
502,85913;14752
503,52344;65499;17053;29038
504,92270;35411;81985;14553
505,404
506,73825;46853;45269;12620
507,48809;9744;90973;37828;74345
508,12906;74515;47449
509,40419
510,43201;75066;20325
511,87408;98288
512,58090
513,6767;85578
514,36669;54702;72405
515,47981;85259;69342;68817
516,54863;57884;75005;39761
517,61439;84699
518,65917
519,70068
520,91162
521,92939;6642;76351
522,5639;32708;50299
523,56297;94409;6118;82292
524,25978
525,55776;11925;71791;58373;69675;2785
526,78674;9055
527,34211
528,24331
529,25413;525
530,36280
531,24750;61252;52009
532,69667;23962
533,59260;91777;70251;48031;69593;99067
534,61169;99286;52030;61892
535,65428
536,33733;8498;34335
537,76413;46025
538,67137;85146;18704;70214
539,42249
540,93517
541,2584;69770
542,91609;71960;76408
543,17723
544,27636;10449
545,72240;12306
546,60123
547,17624;32279
548,69487;9088;68372
549,58546;59977
550,65861;38883;32832;61422
551,75704
552,8042;7476;27964
553,28450;25307;72639
554,91874
555,79215
556,93561;90981
557,17436;32494;26447;91475;6807
558,32371;46960;2788
559,33200;14224
560,46247;93423
561,23797;80892;86375;44975
562,29966;29542
563,18055;92405
564,46795;70806
565,16067;11659;71938
566,4642;24255
567,83639
568,29597;18402
569,18520;63055
570,83237;64428;2126;87666
571,1918;34104
572,15721
573,51589
574,21778;46558;44463
575,52827
576,3054;5801
577,23794
578,36617
579,28051
580,25459;23139;37516
581,81689;7529;22032
582,22905
583,21218;99483
584,83992;40816
585,80624;1959
586,12660
587,73420
588,11422;26300;67043
589,15187;84567;81578;11600;59790
590,29825;15344
591,47293
592,41594
593,81893
594,46807
595,35493;99483;91211;46091;69226
596,48081;61822;23708;98138
597,62775
598,71265;99323;79422
599,90560;36572;70844;7390;36672;13077
600,93336;83882
601,48124
602,24997;96242;47488
603,73761;88402;16068
604,29318;93461
605,53244;68489;8340;47456;11373
606,36331
607,58457;37585;34348
608,8364;66642
609,3924
610,28571;68406;21239;49621;11971
611,56574;67443;57857
612,14566;81395;10969;28310
613,14954
614,81043
615,30501
616,21881;3355;40777;20610
617,30327;32157
618,30576
619,27893;70264;40089
620,70903
621,7867
622,65325
623,42446;77704;9654
624,2476;80699
625,53310
626,35955;68736
627,73222;66548;49079;62767;72419
628,72245;80956;21268
629,85831
630,47686
631,52517
632,7920
633,46087;7583
634,14234;26842;80163;20567;62162
635,89703
636,80001
637,68321
638,82430;81588;51137
639,64137
640,57841
641,71258;14593;88950;19775
642,74734
643,54622
644,37646;49854;99000;73725;87613
645,5969
646,31604
647,15296;90086
648,81288;41197;51288;34128
649,22144
650,22872
651,86043
652,61601
653,37817;64150;41527
654,6577;24298;52259;45914;87542
655,35665
656,96885
657,47564
658,42972;90782
659,54451;53138;50234;58568
660,90472
661,18227
662,92090;72948;65377;38436
663,42797
664,65979;84562;44006;83625;85349;78234
665,983;55499;99294;30400;82504
666,26026;84060;16385
667,61202
668,63346;40832;71756
669,13932
670,88643;95323
671,41844;82595;99876
672,21599;93325;99867;7033;30855
673,26114;38961;6320;57707
674,51211
675,19909;17242;27999
676,96973;68205;35513;23845
677,27714
678,92599
679,65644;31362
680,14304
681,34871
682,65498
683,1612;99142;17916
684,41698
685,56513
686,62561
687,27777
688,6287
689,61266
690,42858;53005
691,67571;83523
692,34729;88771;87563;19364
693,48160;83392;95880;54311;88022
694,47005
695,56066
696,26811
697,42258;2875
698,45835;78481;5698;76887
699,9146
700,66255
701,96856
702,34202;20463;64549;17271
703,1606
704,31750;11825
705,68136;214
706,10149
707,44153;60860;47171;99276;16510
708,8977
709,84761
710,15329;49698;28129;97685;51172
711,79755;5199;32647;76290
712,88993
713,21985;88169;51574
714,55083;69156;33856;25674;88739
715,46832;91055;25534;82142;18617;96427
716,47169;39515
717,80875
718,7072
719,83244
720,90747
721,28793;99992;41660;49071
722,62928;70586;89726
723,24953
724,12778;4399;89396;35404
725,43518;6228;23263
726,55929
727,18319
728,87642
729,53885
730,51334
731,65295
732,83953
733,89139;41835
734,79256;11038
735,8006;61450;20306;43696;62636
736,73161;4687;93380
737,29049
738,52058
739,54845
740,89303
741,38260;81228;8697
742,15879;76821;62519;31686;80280
743,37701
744,60116;58395
745,27013;59074;64215
746,40355
747,40043
748,48834
749,72298;44226
750,88732
751,71300;72135;83636;79644
752,69880
753,30829
754,15685;36122;84616
755,93422
756,64284;74066;96377
757,55584;60207;32479;36118
758,79755;35500;83074
759,62817;18368;93662
760,19797
761,45197
762,65403;90519;77465;86322;30249
763,18246;55303
764,35532;34869;93746;8635;71031
765,69803
766,67843;24312;39022;89978
767,64221
768,88250;33920;96101;21355
769,13339
770,63124;45518;68978
771,89786
772,72265
773,78008;69811;7544;47226;780
774,82563
775,70708;53559;61561;51774;41064
776,1464
777,34721
778,30665;13900;41713
779,11369;45997;96241
780,65655;58233;38054
781,9751
782,63302
783,41628;82825;81453
784,46111
785,78675;73997;55126
786,37094;11639
787,19887
788,97527;96673;48237;48797
789,24547;30463;57568;1666
790,79955;674
791,40299;63529;63267
792,42451
793,42763;46534;85833
794,76014
795,14730
796,75330
797,98811
798,77851
799,94248
800,53385;16728;38675;96588
801,4634
802,52886;5049;10006
803,42602;42273;37699
804,20196;20768
805,67353;27892;1344
806,59631;12008;15668;38429
807,75103;87998;48204;13331;2951;23383
808,51870;84006;69679;69911
809,37290;78359
810,68023;38223
811,44081
812,72751;63219;23856;61592
813,79993;2469;50688;37602;62137
814,28413;68670
815,77383;18504;41073
816,41877
817,46726;56746;19522
818,10522;68178
819,65871
820,981
821,92211;54039;94822;69826;68542
822,44409;38947
823,41515;33790
824,59582;6617;48666
825,21049;73267;14046;72172;73850
826,57208;8062
827,97799;15522;36010;75456
828,66866
829,70434
830,11018;1138;46384
831,11334;95021;58577;26410
832,82447;73025;45745
833,43837;56658;7790
834,98365;67612;8593;29415;65227
835,9015;94505;79842
836,38865
837,86646;20290;93909
838,3108;51014;20598;28565
839,76331
840,89421
841,69402;15220
842,53555
843,83665
844,63024;44508;98886
845,75019;99619
846,921;5802
847,77438;5971
848,99528
849,81522;76582;45151
850,55022;76071;586;35263
851,53827
852,71227
853,20146;11734;16215;72197
854,59125
855,49987
856,25908;27240;40213
857,69434;22380
858,90931;37630
859,45052
860,28932
861,18597;75318;88352
862,51873
863,70316;64971;19733
864,17060
865,43689
866,81249;23292;50529
867,82464;62972
868,67469;60804;46543;19509;36002
869,68604
870,31807;45084;33861
871,88096
872,55922
873,43495
874,92077
875,90364
876,1700
877,95458;24288;98941;64707
878,64041;92916;50512
879,22617;6770
880,19985
881,16158;61020;88597;86230
882,84330;34728
883,44082
884,8457;22215;67504;69242;66564
885,79569;7843;36828;1190
886,43848
887,91708;65970;83430
888,59180
889,65233
890,84857;77960
891,65032
892,30686;76425;35335;99394
893,31766;41382
894,10461
895,71189
896,46984
897,16448
898,12800;82903;43511
899,96114;12556;29089
900,97811
901,12765
902,4623;51107;82055
903,78581;78571;22140;54778;82389
904,95889;15419;85768
905,91547
906,26577;79176;52937
907,60100;4852;12558;71958;8428;25028
908,29589
909,69182;10022
910,6564
911,65442
912,3698;63123;34812;50337
913,32326;61391;61317;86580;99429
914,11191
915,18027
916,85473;67895;64545;25869;74529
917,36486;2545;27249
918,75879;91905;21077
919,91878;39238;64016
920,97717;29961
921,7911;71852
922,56243;24802;6844;68901;51437;28266
923,72268
924,60564
925,81405;33114;19019
926,59551;59635;84419
927,45560;36214;25624
928,80152;54761
929,25674
930,33574
931,86938
932,76110
933,82202
934,43305
935,27392;61214;38674;66478
936,91426;85502
937,57128
938,11332
939,2130
940,70628
941,52100;2658;97195
942,15163;92782;53280
943,27416
944,90178
945,27952
946,50196
947,46511
948,92517
949,93894
950,7080;23355;3376;9935;41611
951,77571
952,34466;11239
953,15006
954,73297;4157;60105;6670;1849
955,64587
956,36
957,73226;18085;98842
958,78817
959,44871
960,11631
961,9816
962,15016;82889
963,64022;98110
964,15225;67124;38233
965,33450;75263;55393;96981
966,66372
967,7653
968,97747;81761;18741
969,75076
970,16641
971,55822
972,99854;47842
973,64074
974,93579
975,63560
976,40481
977,36874;60315
978,32935;15650;65267
979,86652;39356;6498
980,37812
981,94402;50130
982,20172;75531
983,52973
984,49687;50363
985,26066;91420;64763
986,52284;93363;2667
987,1662;39517;48964;33925;85867
988,76784
989,14349;74099;55017
990,88094
991,26656;92621
992,33592
993,21299;43582;61197
994,63080
995,71428;92794
996,88988;69011;23609;38381;33582;5498
997,75923
998,13995
999,21693
1000,13114
1001,6537
1002,63797
1003,85419;56266;91385
1004,90621
1005,26363
1006,83947
1007,64438;13135;70015
1008,64376;29347
1009,60482
1010,83064;73920;69186
1011,99814
1012,46217;5262;22884;2755;90632
1013,14841
1014,38937;68495;19199
1015,66406;47410;31339;79300;36132
1016,79299
1017,25919;22483
1018,11411;22400;15723
1019,32446;38839;71797;77459
1020,90376
1021,53366;87514;33180;54073;12514
1022,8484;65241
1023,59418
1024,58591
1025,19790;86865
1026,22511;98576
1027,41388
1028,47913
1029,31791;50097
1030,54679;17530;76607;84788
1031,82655
1032,19860
1033,38298;26475;99859
1034,11955;20213;83378;27923
1035,24003;32971;48448
1036,88885;42704;43906;95692;6389
1037,82071;72387;3756
1038,54172;3185
1039,61967;68227;3990
1040,73408;65595;65087;46119;26810
1041,17990;27221
1042,6322;45739
1043,74134
1044,92475;54305;53664;1816
1045,46526;62892
1046,41944;31114
1047,84463
1048,7973;97436
1049,9072
1050,86953;72370
1051,95722;19533
1052,92895;78854
1053,77479;60461;6224
1054,81199;20928
1055,98705;48038;89940
1056,10703;40104
1057,68069;83409
1058,52805;49995
1059,75781;59249;14449;49182
1060,55701
1061,33698
1062,58335
1063,79888;21034
1064,74214;58795
1065,15659;94798
1066,93780
1067,41606;78549
1068,23758;58756;96500;37141;49958;23253
1069,45142
1070,24274;8607;30233;38579
1071,41834;44376;18296;78524;46360
1072,73333;1275
1073,5716;76932;69348;31695
1074,67217;21050;46878;84697
1075,12099;70676
1076,10108;60398
1077,41031
1078,93458
1079,12158;42540;68558
1080,8325;6299
1081,98592
1082,60083
1083,52296;48480
1084,78490
1085,36061;65969
1086,56246
1087,26236
1088,37389
1089,56543;98382
1090,73886;71453
1091,14009;42494;28278;56337;95199
1092,12056;45891
1093,53903
1094,84506
1095,82143
1096,68458;64315
1097,23972
1098,7177
1099,48774
1100,88158
1101,70311;14954;85326
1102,26789;92427;99093;3742;84817
1103,14730;56673;35043
1104,30876
1105,11154;16680;35447
1106,37489
1107,28681
1108,59877
1109,38100;69372;79526
1110,22980
1111,48639
1112,9180
1113,94987;67583
1114,75985;80038
1115,61195;47844;9477;77810
1116,89677
1117,77779
1118,96282
1119,77044;36530
1120,7544;26851;47425;11434
1121,76276
1122,91274
1123,49793;55067
1124,13574
1125,30571
1126,44621
1127,36629;32404;35716
1128,16284
1129,2007;6780;98923
1130,26014;419
1131,35121;79383;48588
1132,10578;2094;27333;60802
1133,1236;72498
1134,4615;6524;99142;38988
1135,636;58214;42473
1136,34862;91928
1137,47759;83403
1138,7700;69800;8447;83762;46794;10847
1139,22006;22662
1140,77087;75563
1141,96449;98309;63654;16449
1142,13253;49755;58706
1143,25780;94550
1144,12424
1145,35458;57113;20987;58306
1146,11021;45780
1147,43587;79709;27454
1148,39001;4118
1149,48788
1150,42603;73702
1151,47210
1152,92861;15127
1153,84201;45596
1154,20333
1155,91466
1156,88063;7373;62611
1157,53392;98458;31479;35024;98165
1158,22348
1159,53804
1160,4502;91866
1161,10762
1162,35639;84532;18097;71534
1163,4602;2656;10037;25957
1164,98147;60497
1165,73113
1166,90189
1167,29531;1576;75395
1168,57948
1169,96966
1170,83113
1171,13747;71805
1172,26098;30738;22608
1173,21092
1174,67412
1175,40821;77757;87112
1176,35972;18824;76715;70517
1177,4402;93040;47956
1178,25553
1179,35744;44499;47127
1180,67798
1181,2295
1182,20881;71500;52265
1183,26602;29299;48797
1184,78018
1185,85840;4302;92723;24973;14606
1186,43892;73361;47856;57639;85703
1187,89540;32034;74900
1188,75663;61185
1189,85340
1190,95183
1191,32944
1192,71033;57745;69163
1193,38541
1194,56330
1195,84506;46298;13345
1196,81652
1197,69989
1198,75541;61309;65066;65273
1199,21587;15720;69440
1200,75182;44527
1201,87414;15782
1202,13425
1203,43884
1204,68856
1205,38578
1206,80557
1207,57051;56913;60476;37877;34971;39157
1208,44966
1209,79219;6563
1210,22943
1211,42100
1212,83741
1213,51827
1214,83396
1215,80872
1216,22633
1217,24051
1218,36017;70132
1219,20626
1220,55562
1221,23445
1222,25109;35428
1223,80305;34667
1224,71004
1225,62995;45746
1226,1630;78346
1227,74311
1228,88154;21241
1229,3396;80324
1230,38288;14124
1231,47725
1232,73601;92394
1233,99241
1234,64769
1235,58974;65040;89090
1236,37554
1237,62404;30527
1238,1818
1239,3456
1240,47035
1241,17769;7281;47220
1242,2084;24637;82664;8154;92211
1243,85138
1244,19354
1245,47048;46371;97025
1246,23786
1247,23630
1248,55310
1249,60795
1250,84343;10749;78977;59966
1251,83139;21060;41815;75547
1252,74131;56277
1253,98450
1254,81854;18259
1255,33922;51805;59766
1256,34901
1257,23804
1258,35230
1259,83840;52176;11860
1260,81936;21211
1261,34305;33154;54837;90874;89713
1262,3214
1263,58689
1264,40005
1265,11392;15565
1266,78045
1267,97151
1268,16199;80358
1269,38374;73454
1270,42357
1271,3861;97414
1272,95423;47673;66368
1273,79860;37654
1274,13562;8849;3118
1275,88225;63297
1276,51691
1277,63226;6997;20779
1278,85175;68197;83169
1279,81404;9488;47048;11192;6738
1280,29174;34813;77707
1281,57962;2658;50178;50890
1282,4107
1283,49749
1284,41828;75215
1285,38859;82802;49866
1286,94392;57524;65088;83035
1287,14877;27301;84188
1288,26466
1289,19158;32685;50456;68222;4550
1290,61660;68284;34419
1291,9340;71779;37469
1292,28392;93304;14040
1293,64580;79672;878
1294,40100
1295,25789
1296,63406
1297,15719;75141
1298,74840
1299,51785
1300,91123
1301,44283;26711;32785
1302,74322;61726
1303,13826;90207;66739;54838
1304,68739;84234
1305,79909;88811
1306,33496;79251
1307,26505
1308,63282
1309,64682
1310,3359
1311,92105
1312,40886;4132;6653
1313,86384
1314,34617
1315,3465;94201
1316,61975;54353;98303
1317,74265
1318,40194
1319,17173
1320,95246;65822;89172
1321,92886;25999;86553;89833
1322,43056
1323,27200;17636;49705
1324,23966
1325,92977;75022
1326,41853
1327,17152
1328,76595
1329,4247;98679;19801;38499
1330,72759;64121
1331,9183
1332,23662;62685
1333,18696
1334,41439;92400;3417;13009
1335,98807
1336,81990
1337,54985
1338,92215
1339,56108;43468
1340,27671
1341,15644
1342,95756;81943
1343,56783;4803;14071;68089
1344,60416
1345,72363
1346,66588
1347,80447
1348,32019;34544
1349,37465
1350,13475;55393
1351,70568;15044
1352,95458
1353,46758;7541;18126
1354,15088
1355,35645;33537
1356,31887
1357,97904;2374
1358,72380;53936;78465;15848;48514
1359,20494
1360,14979;98609;48114
1361,80292
1362,27725
1363,63623;13670;23998;88458;54082
1364,49053
1365,16287
1366,11111
1367,91397
1368,63079
1369,42450
1370,1760
1371,76845
1372,63641;96009;35670;94834;22849;66103
1373,93565
1374,59270;7775
1375,75560
1376,88225
1377,62395;8100;21109;93732
1378,9439;34511;90341
1379,92029
1380,18064
1381,55872
1382,57040
1383,16615;78382
1384,61762
1385,22624
1386,89489;2457;53434
1387,23711
1388,46903
1389,44121
1390,23891
1391,80166
1392,60252;14046
1393,26049
1394,87174;80528
1395,96814
1396,6454;58015;18527
1397,53519
1398,50847
1399,52920;35446
1400,76860
1401,41982;70722
1402,54314;55882;79356
1403,96974
1404,87436
1405,4704;2710
1406,10307
1407,32142
1408,41103
1409,24802;56231;92462;68152
1410,15103
1411,46946;30053
1412,14547
1413,92424;42514;31597
1414,98842
1415,59966;43600;29149;22177
1416,49215
1417,73663
1418,1023;35941
1419,97482
1420,90995
1421,56569
1422,68183;40259
1423,32104;51331
1424,41788;14364;60664;15683
1425,42588
1426,28057
1427,63972
1428,90291
1429,25813
1430,63980;95747;15968
1431,40423
1432,33099;63623;20161;7523;10515;78720
1433,88514
1434,91828
1435,57149
1436,61132
1437,28158
1438,44607;61365
1439,14853
1440,12524;61298
1441,8376
1442,51354
1443,98348
1444,75110;89562
1445,7646;98972
1446,50457
1447,35643
1448,59581
1449,92902
1450,1196;11458
1451,21177;65990
1452,29579
1453,27190
1454,68956;76762;67589;78401;97839
1455,95189;27829;30570;67529;25224;37446
1456,43085;7050;88626;90190
1457,55655;65651
1458,7066
1459,93845
1460,73516;74264
1461,50237
1462,66327;77257
1463,99603
1464,50094;93770;91482
1465,25286
1466,71953
1467,94419
1468,26265;39806;63034;97680
1469,35143;3397
1470,26775
1471,93474;32239;63611
1472,56197
1473,67648
1474,32475
1475,11823
1476,3260;12692;83796
1477,49770;95087;41950
1478,49156
1479,46404
1480,12703
1481,21089
1482,69444
1483,95140;35301;7202
1484,55702;84361
1485,66491
1486,71174;38576;48069;25042;97325
1487,79180
1488,73681;15978
1489,58154
1490,39678
1491,13089
1492,39702
1493,72005
1494,67678
1495,93676
1496,41672
1497,94978
1498,42798
1499,22111
1500,29930
1501,36135
1502,39213
1503,56103
1504,83850;55667
1505,63983
1506,86535;94411;74080
1507,48099
1508,35367;77281;4973;60560;77391;7842
1509,13420;14714
1510,77963
1511,79428
1512,36219;77561;87289
1513,29316
1514,93877;31634;26951
1515,79093
1516,6502;97114
1517,77331
1518,3326
1519,97627;99283;99956
1520,51113
1521,80080;36838
1522,47494;54857
1523,29207
1524,69169
1525,41392
1526,60422;7546;52096;18077;77858
1527,57867
1528,4595;15793;77992;12383
1529,71118
1530,55555
1531,69215;6785;18752;38854
1532,74016
1533,7668;15372
1534,19636
1535,42973
1536,75961
1537,92906
1538,93676;28621
1539,98055;47937
1540,97548;95104;28716;13139;68546
1541,75209;43029
1542,56636
1543,50486
1544,24406
1545,42846
1546,86399
1547,45746
1548,57120
1549,38167;68544
1550,77161
1551,91578;39345;90623;68363
1552,75858;10412
1553,70409;7316
1554,84062;16328;99465
1555,18072;8233
1556,23294
1557,60659;88662;5179
1558,57191;76388;58821
1559,86448
1560,73173
1561,55977
1562,2310
1563,98555
1564,6801
1565,28189
1566,8259;71839
1567,69479
1568,31991
1569,15000;63116;14452
1570,36388
1571,23530
1572,46413
1573,99200;71928
1574,58149;415;61335
1575,52409
1576,30960
1577,77342;37677
1578,93568;1177;77783;36831
1579,40993
1580,66336;86077
1581,77172
1582,14855;27626;41135
1583,72363
1584,99617
1585,27540
1586,26631
1587,89216
1588,32388;10853
1589,32220
1590,83645
1591,28300;41309
1592,16784;65992;29988;41882;8425
1593,43795;22413;54386;87830
1594,40224;74424;93468
1595,39758;23341;54444
1596,20178
1597,62876;40932;29481
1598,2496;34369
1599,44424
1600,86697;83025;36725;19800
1601,17034
1602,23294
1603,91244
1604,95905;47295;94357
1605,19908
1606,59752
1607,12689;70833
1608,30813
1609,29437
1610,32369
1611,46140
1612,1373;29129;88333
1613,8017;7221;51772
1614,66407
1615,58169
1616,50866
1617,74775
1618,59245
1619,44167
1620,27931;66428;19516
1621,16830;97058
1622,27548
1623,56517
1624,69270;84431
1625,56380
1626,22422
1627,1389
1628,58591
1629,4824;55593;34838;118
1630,14579;83328;91613;13385
1631,67751
1632,47258
1633,97907;70072
1634,75118
1635,32949;34575;14554;63159
1636,9493;66202
1637,8643;90059;12321
1638,80210;5557;11847;78800
1639,1542;12966;29157;36864
1640,92505;1470;49902
1641,35794
1642,51626
1643,67791;80315
1644,95522
1645,29504
1646,54789;45923;26446;6104
1647,90379
1648,50027;16749
1649,73902;54764;21765
1650,28435
1651,12697
1652,7485
1653,86628;17827;8905
1654,99613;63108;55699;96065;98474
1655,68072;482;60394;15665
1656,40882
1657,68408;9419
1658,8194;97269;3473;63140
1659,1979;79259;48300
1660,68596;21854
1661,13530
1662,86915
1663,32207
1664,56988
1665,52100
1666,88214
1667,83758
1668,50430;47998;25972
1669,826
1670,1802
1671,53357
1672,39520;9140
1673,32104
1674,70170
1675,35143
1676,4551;66666;83011
1677,52350
1678,12908
1679,19892
1680,82161
1681,41733
1682,97580;48383;76727;98572;57288
1683,76802
1684,6783
1685,31065
1686,17162;35310
1687,5441
1688,69714;30230
1689,17840
1690,86662
1691,84342;91998
1692,50216
1693,50714
1694,95012
1695,63237
1696,51993;71879;15583
1697,14430;55880
1698,66784
1699,51925
1700,17941
1701,86068
1702,62950
1703,23190
1704,75087
1705,82612
1706,3673
1707,51359;16095;79036
1708,69965
1709,71373
1710,3856
1711,43227
1712,18827
1713,8923;21350;77923
1714,58544
1715,22966
1716,11418
1717,97928
1718,45239
1719,14364
1720,63614;66747
1721,5069
1722,55895;75711
1723,53675
1724,64550;87561
1725,93101;92180;4389;31880;34753;10321
1726,79139
1727,85940
1728,37884
1729,1087;61001
1730,86890;5436
1731,82403;3505
1732,28431;70347
1733,37227
1734,3173
1735,70668
1736,11413;84598
1737,4583
1738,21533
1739,37567
1740,64782
1741,36552;82084
1742,5573
1743,6432
1744,64;8923
1745,32282;61913
1746,92825
1747,36188
1748,82912;3020
1749,48499
1750,40005
1751,94011
1752,21121
1753,17893
1754,26313;42114
1755,2757;80683
1756,64645
1757,85920
1758,65448
1759,15658;72392
1760,4134;39417
1761,15074
1762,11108;45676;98639
1763,37282;45810;481
1764,17652
1765,52304
1766,70518
1767,36450
1768,50348;88352;4640;68225;63482
1769,42400;34037
1770,27318;75132;98291
1771,69084;93813
1772,9323
1773,45486
1774,91486
1775,73818
1776,85093
1777,11136
1778,68167
1779,47597
1780,49336
1781,3644
1782,39307
1783,89360
1784,51099
1785,61550
1786,5417
1787,29246
1788,24992
1789,56867;24648
1790,42420
1791,30717
1792,58456
1793,14508
1794,69591;10313;360
1795,45056
1796,47355;93853;72104;59959
1797,94695
1798,34939
1799,33820;2554
1800,31794;75262;44946
1801,62925;64340
1802,80166
1803,47399;85535
1804,61317
1805,75617
1806,84222
1807,47854
1808,52111
1809,44010
1810,55538;76513
1811,14592
1812,9217;41412;21261
1813,65248
1814,67856;61656
1815,85312
1816,31889
1817,36415
1818,91782
1819,9126
1820,68234;90107
1821,10527;80771
1822,74728
1823,1144;67358
1824,87928
1825,89805
1826,86694
1827,3384;41172;93891;31940;70138
1828,8673
1829,32009
1830,62750
1831,53367
1832,73881
1833,79895;88739
1834,23807
1835,67520;49701
1836,61284
1837,31043
1838,66695
1839,37889
1840,75209
1841,29414;13579;4300;90777;83287
1842,77560;37414
1843,91070
1844,66608
1845,94747
1846,16043
1847,2739;45968
1848,52921
1849,96661
1850,53742
1851,14691;34766
1852,69917
1853,12241
1854,97359
1855,76480
1856,87073
1857,18880
1858,73919;70949
1859,95936
1860,53164;88816;19458
1861,75400
1862,83582
1863,57334
1864,9273
1865,22641
1866,84164;74662
1867,37635
1868,33521
1869,97232;5407
1870,4982
1871,2006
1872,42855;5829
1873,42390;22828
1874,13667
1875,21110
1876,70587;12518
1877,83548
1878,58007
1879,58088;13976;98911;50790
1880,44919;99575
1881,4594
1882,77845;27676;86081;599
1883,85771;18259
1884,5116;34733
1885,49419
1886,3843
1887,27628;47921;77915
1888,80288
1889,2062
1890,89759
1891,68379;67494;11855;26891
1892,62855
1893,5768
1894,81205;14971
1895,57032
1896,1147
1897,58164;96244;46761
1898,38257
1899,31830
1900,9860;80740
1901,40075
1902,40127
1903,84197;82873
1904,32901
1905,39684
1906,17076
1907,79351
1908,8708
1909,66498;66272
1910,25143
1911,59085
1912,64642
1913,55172
1914,6189;73642
1915,39206;47158
1916,46272
1917,73626
1918,34280
1919,35945
1920,35881
1921,67704;3995
1922,12144
1923,1131
1924,55524;88322
1925,66634
1926,18754
1927,6903
1928,76729;69063;45224
1929,42229
1930,70700
1931,70295
1932,85586
1933,25766
1934,79314
1935,30645;9883
1936,11881
1937,95821
1938,85102
1939,15688
1940,32715
1941,89149
1942,16886;42539;89029;20234
1943,61260
1944,88533
1945,90076
1946,73524
1947,29809
1948,52520
1949,96396
1950,969
1951,42938
1952,2498
1953,85238
1954,49612
1955,75244
1956,77641
1957,35549
1958,47207
1959,4442
1960,60423
1961,33431
1962,17343
1963,52235
1964,57339;21304
1965,22827
1966,11652
1967,66868
1968,3595
1969,85447
1970,34799
1971,44022
1972,138
1973,51109;21748;60120;68030
1974,10455;59408;91141
1975,30589
1976,7680
1977,74334
1978,63118
1979,11368
1980,71602
1981,75386;79837
1982,6885
1983,85282;21366
1984,40246
1985,22733
1986,98902
1987,41880
1988,96296
1989,62636
1990,46155
1991,91609
1992,23243
1993,43015
1994,37481;76516;81552;96904
1995,95042
1996,59205;79507;61659
1997,99120
1998,76852
1999,46270
2000,3319
2001,48695;14111
2002,64802
2003,36786
2004,68148
2005,40448
2006,62777;97300
2007,33228;57617;62048
2008,77269
2009,54143
2010,85988
2011,52776
2012,77331;32173;11938;15054
2013,23198;79307
2014,20548
2015,98001;42821
2016,63907
2017,96475
2018,53645;80343;90773;56493
2019,28744;7225;71468
2020,91186;76665
2021,8642
2022,21818
2023,95461
2024,44809;27633;61638
2025,49517;32528;33236
2026,29807;50117
2027,74532
2028,72144
2029,57956
2030,95404
2031,73912
2032,68897;27999
2033,66843;89470
2034,29465;3650;47940;79249;20870;97534
2035,83658
2036,22629;31597;34305;8088
2037,56439
2038,23979
2039,29678;43350;98430
2040,35833;34560;63936;92234
2041,87115
2042,30815
2043,94852
2044,10817
2045,2031
2046,65222
2047,19218
2048,7718
2049,54185;98273;4156;91369
2050,11316
2051,5248
2052,95508
2053,78204;26683;33744
2054,82132;38248
2055,53990;95565
2056,45170
2057,74874
2058,63508
2059,22280;35845
2060,4506
2061,48429
2062,95233
2063,3426;5613
2064,58866;94600
2065,17128
2066,42395;33610
2067,9763
2068,52753;50806;83874
2069,50743
2070,27109
2071,96580
2072,74780
2073,6853
2074,50088
2075,9306
2076,43667
2077,40551
2078,99006
2079,6942;53764;83992
2080,1103
2081,43533
2082,59337
2083,87440
2084,61259
2085,46688
2086,20428
2087,17776;86422
2088,99487
2089,23785
2090,97217;61321
2091,56596;80944
2092,81528
2093,58213
2094,62949
2095,38148
2096,61324;71184
2097,6102
2098,36614
2099,75477
2100,59864
2101,61262;21534
2102,89459
2103,68673;1584
2104,89341
2105,74417
2106,6780
2107,1599
2108,83215
2109,14062
2110,77063
2111,29903
2112,80147
2113,80900
2114,33320;97930
2115,11298
2116,8237
2117,80606
2118,42598
2119,64065
2120,91968;25704
2121,12878
2122,62657
2123,85448;78762
2124,44744
2125,24961
2126,17405
2127,19945
2128,25043
2129,84742
2130,56524
2131,27692;7697;9306
2132,30999
2133,44797
2134,66487
2135,96056
2136,50542
2137,62537
2138,45436
2139,2891
2140,31456;87848
2141,49687
2142,7850
2143,16728
2144,18981;4929
2145,48476
2146,75278
2147,50670
2148,15649
2149,32326
2150,51681
2151,64274
2152,29671;43615;97654
2153,36025
2154,91755
2155,76499;27806
2156,32208
2157,47851
2158,17647
2159,71964
2160,96770
2161,70283
2162,20327;73032
2163,29895
2164,8294
2165,6040
2166,93648
2167,26655
2168,10366
2169,60057
2170,92858
2171,7422
2172,13461
2173,56011
2174,97872
2175,78098
2176,4276
2177,68816
2178,35750
2179,53198
2180,84073
2181,55578;19843
2182,12381;30776;43382
2183,52813
2184,53930;57304
2185,17711
2186,40025
2187,73826
2188,70167
2189,16943
2190,51256
2191,93164;33720
2192,14789
2193,84825
2194,68372
2195,19081;13399
2196,86794
2197,45438;63497
2198,51556
2199,59295
2200,24266
2201,1579
2202,21697
2203,88340
2204,17601;9273
2205,23793
2206,13703
2207,16184
2208,50391
2209,57089
2210,4179
2211,50210
2212,26734
2213,49305
2214,65613
2215,9018;62616;29268
2216,82137
2217,47133
2218,61335
2219,3465;57753
2220,83211;30180;11738
2221,71909;29517;38631
2222,16010
2223,31221
2224,73967;21311
2225,76732
2226,85840
2227,76887;81727
2228,25432
2229,77327
2230,81435
2231,89860
2232,46134
2233,79199
2234,27090;34989
2235,33326
2236,96972
2237,1108
2238,48285
2239,78235
2240,3654
2241,23903
2242,68764
2243,37643;21693
2244,70411
2245,12384
2246,90716
2247,16209
2248,15283
2249,89175
2250,24914
2251,86
2252,53938
2253,94053
2254,99776
2255,37384
2256,63934
2257,4387
2258,54683
2259,43636
2260,32764;21409
2261,65769
2262,15882
2263,57264;7375
2264,96835
2265,47745
2266,43969;91599
2267,96688;29988
2268,78924
2269,87367
2270,7543;24892
2271,85421
2272,77260;50633
2273,53757
2274,69596
2275,86087
2276,86874
2277,3439
2278,24647
2279,89083
2280,69908
2281,39332
2282,29235
2283,14932
2284,34825
2285,38877
2286,16761
2287,615
2288,84814
2289,80858
2290,44170
2291,55823
2292,34452
2293,15905
2294,94445
2295,49231;9732;98795
2296,72138
2297,23516;16836
2298,21589
2299,80325;62173
2300,38026
2301,98567;51932
2302,5600
2303,74297
2304,17654
2305,44185
2306,15819
2307,79647;60656;19041
2308,12559;58827
2309,60888
2310,83662
2311,52180
2312,36811
2313,54394;39933;88404
2314,91080
2315,83013
2316,78874
2317,1754
2318,68408
2319,26178;51272
2320,11410
2321,46307
2322,40757
2323,78259;35377
2324,97436
2325,650
2326,26978;88987
2327,19911
2328,41451
2329,66560
2330,29417
2331,69126
2332,34296
2333,16770
2334,2397;18955;64277
2335,968
2336,49065
2337,58315
2338,18195
2339,95979
2340,95412
2341,75924
2342,63782
2343,58093
2344,87860
2345,5197;82069
2346,70244
2347,18225
2348,241
2349,87781
2350,57675
2351,97287
2352,18666
2353,91754;42195
2354,6885
2355,16082
2356,86313
2357,80054
2358,30783
2359,60176
2360,61388
2361,51235;81481
2362,23154
2363,54404;68092
2364,70362
2365,52468;36292;21529;33221
2366,33856
2367,13156
2368,62695
2369,44668
2370,6548
2371,36026
2372,95588
2373,9505
2374,57958
2375,87502
2376,88696;98595;84996
2377,26636;60852
2378,28553
2379,48753
2380,89951
2381,89659
2382,4185
2383,28175
2384,61897
2385,95694
2386,13869
2387,63118
2388,71989
2389,88193
2390,64616;66159
2391,27266
2392,89031
2393,67493
2394,71687
2395,68388;61131
2396,90253
2397,79817
2398,25089
2399,8966
2400,44709
2401,32524;74706;39574
2402,307
2403,43720
2404,46692
2405,54268
2406,2610
2407,4512;90254
2408,75906
2409,21080
2410,18884
2411,65356
2412,80757
2413,72885
2414,23073
2415,12828
2416,75252
2417,11246
2418,8680;77427
2419,62931
2420,54984
2421,8755
2422,4996
2423,77742
2424,88172
2425,70121
2426,52967
2427,96905
2428,18272
2429,37701
2430,22216
2431,68662
2432,70611
2433,32683
2434,28640
2435,77078
2436,1683
2437,66373;99733
2438,78200
2439,20621;88194
2440,404
2441,54607
2442,42732
2443,51129;50359
2444,54426
2445,76574;46048;71797
2446,23904
2447,2211;20053
2448,88043
2449,55463
2450,79148
2451,55455;90335
2452,99352
2453,54863
2454,78006
2455,49346
2456,10019
2457,58466
2458,57105
2459,17177
2460,85116
2461,26420
2462,10704;10790
2463,23355
2464,23062
2465,50366
2466,84959
2467,21841
2468,4572
2469,82852
2470,50676
2471,41840
2472,96498;9403;80361
2473,8640
2474,55246
2475,95662
2476,80633
2477,28359
2478,71468;24672
2479,95759
2480,52721;57291
2481,28608
2482,51162
2483,68637
2484,26381
2485,96238
2486,94141
2487,1603
2488,10956;7430
2489,91058
2490,12230
2491,749
2492,96167
2493,37947
2494,48800
2495,55326
2496,17904
2497,43818
2498,55116
2499,51808
2500,37185
2501,1511
2502,91569
2503,99102
2504,20931
2505,82191
2506,76142
2507,13516;67295
2508,49809
2509,6018
2510,57370
2511,77261
2512,70481
2513,12152
2514,23182
2515,70666
2516,81655
2517,31103
2518,92233
2519,58453
2520,93937
2521,2112;99610;26607
2522,15738
2523,90084
2524,44777
2525,15446
2526,47163
2527,22435
2528,56290
2529,12792
2530,33622
2531,66328;48634
2532,1262
2533,71248
2534,94988
2535,23927
2536,84101
2537,68300
2538,60786
2539,56152
2540,52266
2541,63941
2542,30496
2543,6328
2544,23658;76217
2545,1949
2546,75237
2547,49186;66946
2548,46056
2549,394
2550,91554
2551,51543
2552,98712
2553,20619;6579
2554,82529
2555,729
2556,14601
2557,83784
2558,33116
2559,60046
2560,26127
2561,39110
2562,43845
2563,38296
2564,69750
2565,3652
2566,65838
2567,27836
2568,70563
2569,80133
2570,35105
2571,94907
2572,3801
2573,47759
2574,17596
2575,28687
2576,96051
2577,15771
2578,16010
2579,4870
2580,20673
2581,47659
2582,52739
2583,44542
2584,65593
2585,73814
2586,51229
2587,44868
2588,63884
2589,69310
2590,44779
2591,28437
2592,97950
2593,34520
2594,84867
2595,95207
2596,57950
2597,42878
2598,83027
2599,73463
2600,35133
2601,60372
2602,81375
2603,83324
2604,61283
2605,11719
2606,264
2607,40800
2608,11125
2609,84448
2610,58361
2611,11136
2612,75865
2613,97466
2614,89155
2615,56671
2616,81656
2617,3308
2618,89641
2619,53121
2620,71116
2621,25471
2622,60893
2623,27455
2624,95130
2625,14353
2626,52869;22493;98739
2627,35160
2628,71336
2629,45678
2630,27979
2631,402
2632,20405
2633,70807
2634,13572
2635,55419
2636,58896
2637,10947
2638,63895
2639,50411
2640,85280
2641,52151
2642,3057
2643,92063
2644,52969
2645,9259
2646,69555
2647,92688
2648,87791
2649,46166
2650,26783
2651,86903
2652,70675
2653,60673
2654,8281
2655,2057
2656,41855
2657,95656
2658,95538
2659,1942
2660,21479
2661,20607
2662,21468
2663,73331
2664,17161
2665,84188
2666,97325
2667,99019
2668,35447
2669,12619;59432
2670,41019
2671,33191
2672,35349
2673,81395
2674,76700
2675,21254
2676,94434
2677,51591
2678,38219
2679,89820
2680,20695
2681,57040
2682,82158
2683,29381
2684,866
2685,34238
2686,20189
2687,33047
2688,13129
2689,2109
2690,79069
2691,81393
2692,60414
2693,26747
2694,45065
2695,94092
2696,71910
2697,62450
2698,77865
2699,84968
2700,12506
2701,78077
2702,12081;86445
2703,45061
2704,60441
2705,27794
2706,22380
2707,36149
2708,76492
2709,46305
2710,3596
2711,52454
2712,24324
2713,69225
2714,53886
2715,20858
2716,95939
2717,7092
2718,74623;19789
2719,38912
2720,63541
2721,45993
2722,53209
2723,47863
2724,11088
2725,67809
2726,78338
2727,97716
2728,68734;24459
2729,93626
2730,73507
2731,3396
2732,89702
2733,91947
2734,98275
2735,84694
2736,73149
2737,16020
2738,61402;59391
2739,55214
2740,22174
2741,19651
2742,49651
2743,59254
2744,10910
2745,64917
2746,86443
2747,99872
2748,8333
2749,49497
2750,58353
2751,38034
2752,6645
2753,10481
2754,41531
2755,27467
2756,60495
2757,22000
2758,45711
2759,58862
2760,50449
2761,89195
2762,43812
2763,43195
2764,13266
2765,18082
2766,52085
2767,74367
2768,85914
2769,80962;84251
2770,31387
2771,74099
2772,574
2773,43363
2774,44571
2775,28938
2776,6937
2777,52481
2778,35864
2779,528
2780,89412
2781,9706
2782,96974
2783,88323
2784,47723
2785,66885
2786,55285
2787,29256
2788,71994
2789,67135
2790,36903
2791,76635
2792,18246
2793,29617
2794,89907
2795,41409
2796,61542
2797,85261
